sample_barcode,patient_barcode,Mut_SVD1,Mut_SVD2,Mut_SVD3,Mut_SVD4,Mut_SVD5,Mut_SVD6,Mut_SVD7,Mut_SVD8
TCGA-3M-AB47-01,TCGA-3M-AB47,-1.2404992151654264,-0.012370453808746087,0.029154274095090915,-0.2822580934003435,0.45156028982189117,0.0360552444162854,-0.21088492087127972,0.11497694419949285
TCGA-B7-5816-01,TCGA-B7-5816,-11.03822415742333,1.2373149416641087,-1.2762820768621461,-1.863679090656111,3.3447306700723494,-0.4126278061500509,-3.2594357282658155,-0.4959430449233772
TCGA-B7-5818-01,TCGA-B7-5818,-3.253370160891844,0.5372289506014281,0.1064028348286704,0.1444992000340431,0.4945865813313206,0.033543747470870106,-0.3121872981799348,0.1923811782356497
TCGA-B7-A5TI-01,TCGA-B7-A5TI,-5.1341637049834805,0.2826580897622855,-0.47035139045277635,-1.002529524617592,1.1799791434466338,0.7508765864157904,-0.4433693325214007,0.0259306807280253
TCGA-B7-A5TJ-01,TCGA-B7-A5TJ,-2.2394037746465254,0.21984392095451982,-0.016715816634252288,-0.24405125048943965,0.8361883392632418,0.0853750763981052,-0.26494165122235885,-0.3041500062879284
TCGA-B7-A5TK-01,TCGA-B7-A5TK,-0.49820943851032234,0.05879083765914024,-0.11465205646060177,-0.0849718873322639,0.1370633544480779,-0.05971796661085292,-0.0896883659514476,-0.0062815916943142125
TCGA-B7-A5TN-01,TCGA-B7-A5TN,-0.7420036311794989,0.06297628743975743,0.03074427908365577,-0.1527047659306508,0.15783417443961814,0.14680465751749483,-0.16331787913562762,-0.11145779764786025
TCGA-BR-6452-01,TCGA-BR-6452,-40.135855380046905,20.02484589668159,-30.655215665559574,26.493412240565423,-12.747028222556446,0.9157704427220081,1.7273202649510844,0.02601145030992353
TCGA-BR-6453-01,TCGA-BR-6453,-1.8381527025308164,0.18852248383488615,-0.08876239820276978,-0.18857016219294565,0.6337876320972187,0.07826842723441604,-0.22229774536703986,-0.10122796382770877
TCGA-BR-6454-01,TCGA-BR-6454,-1.245695231893753,0.13278518751141286,-0.06881866794726904,-0.4603459821794979,0.31056765467071673,0.03459501344329443,-0.009510826089404208,0.11747191578854099
TCGA-BR-6455-01,TCGA-BR-6455,-0.7693451687533901,0.1420611717974904,-0.1516382440321117,-0.16156258335502002,0.39218509263193047,-0.020544179649016087,-0.17639773262458902,-0.0015917984913478235
TCGA-BR-6456-01,TCGA-BR-6456,-0.4211684375874581,-0.00010371278462555679,0.03883956100346545,-0.04393268108360291,0.15485745481449523,0.02080017355469548,-0.12243452756751422,-0.024260810214524125
TCGA-BR-6457-01,TCGA-BR-6457,-1.0460930511079676,0.09225639109423864,0.027135673246889154,-0.2799325279566158,0.20367095971926927,0.043124229679723326,-0.21642213296374033,0.15771722276532643
TCGA-BR-6458-01,TCGA-BR-6458,-2.56684443960258,0.4580179905742484,-0.1397892469560412,-0.2785795224063521,0.24821232472568536,-0.06352262835437918,-0.22220629335318054,-0.01055810459788249
TCGA-BR-6564-01,TCGA-BR-6564,-0.21570341175196583,0.004933287828283128,-0.025659085673266892,0.005716228873717227,-0.05110772294859342,-0.047742451678992145,-0.04509923011319241,-0.01949410004638185
TCGA-BR-6565-01,TCGA-BR-6565,-1.3239976299952823,0.16552447300898643,-0.03057033889487743,-0.2871102197128345,0.17462970368385344,0.03337884154171217,-0.24154181867680222,-0.012216714858987558
TCGA-BR-6566-01,TCGA-BR-6566,-7.535971820836842,0.18632387943934395,-0.4250237289861768,-1.7163860156845054,2.508283165406182,0.39043363366339073,-0.7916956718148436,0.19129320606654812
TCGA-BR-6705-01,TCGA-BR-6705,-0.7982160653971707,0.006624892858744722,0.14863951294245237,-0.1328464745976776,0.04040275817278326,-0.09279812061862447,-0.05794281421526934,-0.06306291546371998
TCGA-BR-6706-01,TCGA-BR-6706,-1.9542467992604806,0.4878037499536096,0.18446493528348012,0.09487740168922597,0.3276792388521693,-0.07749863178600155,-0.24265861846122797,0.07842604258671758
TCGA-BR-6707-01,TCGA-BR-6707,-0.696871726316311,0.04656065376284015,0.013003309091931974,0.026022116031864134,0.24730948396234548,-0.08468234814262701,-0.2939262495455594,-0.03575633317096036
TCGA-BR-6709-01,TCGA-BR-6709,-0.48764323784434205,0.0007819791474762908,0.049750228724622744,-0.09348842898394512,0.14222867879886583,-0.03613925345575195,-0.1579374473039546,-0.05761253072984503
TCGA-BR-6801-01,TCGA-BR-6801,-0.3693215217066004,0.003110720736697079,-0.11304862978379526,-0.07408038536985609,0.08074427073885197,0.03559649324976757,-0.058477872799502194,-0.12397447655909427
TCGA-BR-6802-01,TCGA-BR-6802,-4.075256776582031,0.5375084601255743,-0.19077198857315053,-0.4142808251105307,0.7098373287915949,0.3483044153281128,-0.1807326741956164,-0.20895596292144986
TCGA-BR-6803-01,TCGA-BR-6803,-0.11825553991850092,0.06896523246721253,0.025981832078577453,-0.013820363093437824,0.05122283438472202,0.027078855140390233,-0.06451616475608753,-0.02955482571274964
TCGA-BR-6852-01,TCGA-BR-6852,-8.635549424704097,0.6611118518008859,-0.02812862412254857,-2.3652267961196305,2.8756101317327625,-0.8476941249840793,-0.849987138203138,0.29268790727696975
TCGA-BR-7196-01,TCGA-BR-7196,-0.673725804206968,0.10082821520298658,-0.004236083189164787,0.006866286096792341,0.144297918391751,-0.0742907774177707,-0.07942524383555026,-0.05614875777427648
TCGA-BR-7197-01,TCGA-BR-7197,-1.6791616587810092,0.22117493582637948,-0.09129043728204979,-0.43534178340279894,0.5126316521789417,0.17293619000716878,-0.09041365569861005,-0.007048515748533858
TCGA-BR-7703-01,TCGA-BR-7703,-6.018415868731914,0.9338499889042179,-0.7395625478344366,-0.9263762857327557,1.7414493932470256,0.7310209921902722,-0.8750906018948496,-0.0191929096505172
TCGA-BR-7704-01,TCGA-BR-7704,-3.1119454925183447,0.23108964543852945,-0.09354956518192518,-0.32187144284374275,0.6674428022378459,0.23131688045152524,-0.35242867714687626,0.005418821070917592
TCGA-BR-7715-01,TCGA-BR-7715,-1.285984033371075,0.37916453918980764,0.03536978767962114,-0.1357474198613205,0.401214169632645,-0.04634062295728605,-0.10644854373702646,-0.030309118785683
TCGA-BR-7716-01,TCGA-BR-7716,-1.4266459231925148,0.1661558828064916,0.10834486331274899,-0.20847743315406783,0.3172717767824659,0.04479744217534017,-0.07799044004735288,-0.059351455456207985
TCGA-BR-7717-01,TCGA-BR-7717,-1.2571530082286329,0.2547088577702706,-0.0703176225360051,-0.03582268196219331,0.253178366286083,0.03916928619008353,-0.1075474952878533,0.18496184790554723
TCGA-BR-7722-01,TCGA-BR-7722,-0.4799801122368403,-0.034943884168028044,0.016153991579567237,-0.03882838842055034,0.10147816514239802,-0.1358603456282295,-0.07174114899810945,0.028096446984493012
TCGA-BR-7723-01,TCGA-BR-7723,-1.49382872497803,0.13211264321609503,0.11327107753580014,-0.31416616547084575,0.28179318378904633,0.15077810652448329,-0.1925232121667332,-0.04331687681714038
TCGA-BR-7851-01,TCGA-BR-7851,-11.66549945737283,1.0427642879291092,-0.28576037059025416,-2.7123415025806885,4.37536365961324,0.09450383943016391,-1.4772037265313003,1.225802413670264
TCGA-BR-7901-01,TCGA-BR-7901,-1.578949194570194,0.21737217880704066,0.1476758883435684,-0.10395371745309774,0.4383493512447892,0.07405001822736738,-0.3098288113505905,0.04700216153563767
TCGA-BR-7957-01,TCGA-BR-7957,-0.45358202142232995,0.041639292493985985,-0.0881003935798417,-0.0112505508336413,0.08572836804256151,-0.10797823138064629,-0.09500452743545283,-0.04575059306233361
TCGA-BR-7958-01,TCGA-BR-7958,-1.525355584083458,0.1811989054030783,0.0035583993480079916,-0.34492775152075233,0.34131667161007084,-0.061024428841346415,-0.18653139689494397,-0.010194514324379136
TCGA-BR-7959-01,TCGA-BR-7959,-0.894368071412866,0.03108136781057233,-0.08028501011940142,0.01954306137738,0.29769117471848416,0.1345636187633513,-0.04969790544677318,-0.039429249869384925
TCGA-BR-8058-01,TCGA-BR-8058,-0.35437062693914606,0.04313253037321869,-0.1276641281688573,0.07525015948252857,0.04764026773766296,0.014771014778493418,-0.06536298997912594,0.015032362476303077
TCGA-BR-8059-01,TCGA-BR-8059,-5.980770406513663,0.7122167959515454,0.07446433637257689,-0.9811821042905535,1.9717612422660846,-0.45327750957017743,-1.5664643796460442,-0.21522833417600773
TCGA-BR-8060-01,TCGA-BR-8060,-1.798001715836817,0.36203820740292714,-0.009333012646932634,-0.09883723656186642,0.4887863119161647,-0.006836423943891038,-0.2984369640764543,-0.05028312284011014
TCGA-BR-8080-01,TCGA-BR-8080,-1.6136439920434502,0.3549322271343069,-0.009887669621916128,-0.038855112892203426,0.35789980056783427,-0.07984725746924307,-0.08439438325506153,-0.049264900321713635
TCGA-BR-8081-01,TCGA-BR-8081,-7.624586365477687,1.0506838888164869,-0.7051955834837792,-1.1141556393947567,2.2662405479593524,0.12906182674140146,-0.9739049128613858,-0.20915072243934638
TCGA-BR-8284-01,TCGA-BR-8284,-2.8745708693180534,0.37756671090209265,-0.3451312832232331,-0.4671046173900915,0.7752262844825453,0.026067371685257582,-0.12767633951123053,-0.1613761909406269
TCGA-BR-8286-01,TCGA-BR-8286,-1.0916839358324377,0.07794566877436358,-0.027707297442071316,-0.2220222851649914,0.32224094087631916,-0.13132466423734382,-0.11681379231618529,-0.07673620792427291
TCGA-BR-8289-01,TCGA-BR-8289,-2.127738581814583,0.27006700979927317,-0.10042284255260442,-0.35547467407168276,0.6123275367761091,0.23505644364894357,-0.5265217160788055,0.08709803681475861
TCGA-BR-8291-01,TCGA-BR-8291,-0.23488332710427662,0.09064189623105484,-0.005377524333141358,-0.14416135660667234,0.026764786618128675,0.059513585334374425,-0.08956957527945901,0.009218235887518494
TCGA-BR-8295-01,TCGA-BR-8295,-0.44995280152741474,0.12626042835348536,-0.03089875009981311,-0.08280487846810206,0.10432061371871507,-0.025735362902446695,-0.09187688937427896,0.054980441198639686
TCGA-BR-8296-01,TCGA-BR-8296,-0.5562131077604124,0.0370876338691635,0.1097780564270996,-0.07451440867053502,0.18276783742726746,-0.05454524378173747,-0.061184750225352,0.0816783236644867
TCGA-BR-8297-01,TCGA-BR-8297,-2.390122193245912,0.44042754305913656,0.019097164472423475,-0.5867056683121602,0.9271626391076927,0.4301217347256384,-0.5460105052257311,-0.05819581612976471
TCGA-BR-8361-01,TCGA-BR-8361,-12.709439973822896,1.2308511229300632,-0.9951634467281298,-2.0883357997825076,5.486791755256269,1.5611472538659599,-6.250771992374134,1.7834181297043123
TCGA-BR-8363-01,TCGA-BR-8363,-10.298308578575764,0.9520311911144173,-0.9151411253949374,-2.061949728626676,3.1894194507591918,0.4297774396173863,-3.065337968955522,0.2487057052144974
TCGA-BR-8364-01,TCGA-BR-8364,-0.1882196034880942,0.030237162221089325,-0.0711823056150901,-0.014061495912596884,-0.004821485423159667,0.0320249049549904,-0.046621294677513477,0.06329625006696564
TCGA-BR-8365-01,TCGA-BR-8365,-0.17172567247894702,0.022292565241590186,0.0323660647735695,-0.03146336660079486,0.025519645852109276,-0.018951532241008498,-0.020082741942018627,0.04325027618935721
TCGA-BR-8366-01,TCGA-BR-8366,-1.2118134313012663,0.12845148742875262,0.24845095828250446,-0.0043993960307002426,0.47264405063197346,-0.07062044181644536,-0.3115349693234437,-0.04023509973456545
TCGA-BR-8367-01,TCGA-BR-8367,-0.5517809136347048,-0.0723254726356431,-0.03534818927246853,-0.021831749662112925,0.05721313547954476,0.020007444818590552,-0.03870760080133725,-0.06712628214894062
TCGA-BR-8368-01,TCGA-BR-8368,-8.16923221376752,0.8224103951844226,-1.080246670853969,-1.025214905523907,2.7050659813427966,0.1061752095641408,-1.1570351159896402,0.056182818307497086
TCGA-BR-8369-01,TCGA-BR-8369,-1.9557382003733437,0.21676390236677415,0.15313054181180918,-0.05505985695008953,0.5347614994188005,0.12047434647933923,-0.3650075275222928,-0.008687302033605118
TCGA-BR-8371-01,TCGA-BR-8371,-0.17995349582943754,-0.004064271502822847,-0.008972275532020436,0.013390381653061622,0.04978763880861734,-0.0715298772713904,0.03701098160946993,-0.013816249272310555
TCGA-BR-8372-01,TCGA-BR-8372,-10.313767090491803,0.7378608130247375,-0.549370329310687,-2.24151705485945,3.3428736227705267,1.0491578067353866,-3.8956893716682437,0.72582711050146
TCGA-BR-8380-01,TCGA-BR-8380,-0.7044777148018888,-0.03550160971326433,-0.056223713899017404,-0.07933458261867743,0.13358340358773818,-0.012494461437448028,-0.08615601987203877,-0.05690000193996869
TCGA-BR-8381-01,TCGA-BR-8381,-1.1228163848368988,0.06328503726177705,-0.0680757165225651,-0.19421832086256463,0.27095699267181733,-0.04694750743623177,-0.04179147185110168,0.14595505768597938
TCGA-BR-8382-01,TCGA-BR-8382,-7.942084497371447,0.4980315787613461,-0.9399039844982648,-1.4069956666828594,1.8833470775170131,0.20340572775371277,-1.5827750361890822,-0.7415350226370405
TCGA-BR-8384-01,TCGA-BR-8384,-0.5534582931827949,0.027133951146001915,0.026544552773540283,-0.0657405122084458,0.19579861117492756,0.05502549254770035,-0.12996191358443598,-0.015605189620699043
TCGA-BR-8483-01,TCGA-BR-8483,-1.2748281883972377,0.18575418582080366,-0.034645985749670136,-0.2487213481531292,0.48657708359866936,0.15260419932807703,-0.4539822462012004,-0.19213594764665573
TCGA-BR-8484-01,TCGA-BR-8484,-0.6494667162470243,0.07624612639214706,0.057925834713171004,-0.11340864324278171,0.2475484748524216,-0.07224112069105681,-0.13057300357533563,0.06541874378064369
TCGA-BR-8485-01,TCGA-BR-8485,-2.95356738842651,0.8705362570488332,0.32589633019282327,-0.13562561552627006,0.5638252481740079,0.045597668501490544,-0.5162014628331216,0.06436914206255137
TCGA-BR-8486-01,TCGA-BR-8486,-0.6162375838636999,0.11177291228091821,-0.08449039623945698,-0.07627376466287063,0.19821855691353013,0.0432519789933934,-0.19847819832071212,-0.21604734558943306
TCGA-BR-8588-01,TCGA-BR-8588,-1.1369030095893586,0.2559471394209935,-0.007240698279908402,-0.13871751369835097,0.43012457816943694,-0.09789768688656313,-0.34699336882631027,0.0475645619318674
TCGA-BR-8589-01,TCGA-BR-8589,-8.811250887174396,1.4614047658561653,0.49340897772505016,-0.29523799904397263,1.5494844750455128,-0.18312482701444444,-1.3700881027544807,-0.152757185486905
TCGA-BR-8590-01,TCGA-BR-8590,-1.1165470986215627,0.13506733852745154,-0.024103256113358507,-0.210706653642456,0.31536664461409497,-0.023914375324775274,-0.20814836495156538,0.15411038476054673
TCGA-BR-8591-01,TCGA-BR-8591,-12.6299810868881,0.507518986023242,-0.36369355106301804,-2.3637516469512736,5.495748014207876,0.1300687840563067,-1.6134082985278526,2.8741259157632886
TCGA-BR-8592-01,TCGA-BR-8592,-0.40791379370282305,0.11439228402641621,-0.09457180407653602,-0.017742361933195734,0.13037830260651795,0.0049847130508365485,-0.02768517299308359,0.0946212845885185
TCGA-BR-8676-01,TCGA-BR-8676,-0.8160013589840579,0.20867424449503827,-0.02205969046216983,-0.20409103509222576,0.19353255236565692,-0.06602382646789312,-0.12506739870759928,-0.06716644749561496
TCGA-BR-8677-01,TCGA-BR-8677,-0.5097915746031628,0.09222104451851595,-0.03207817994011371,-0.06950554154268213,0.08823786395660549,0.02338647136391505,-0.042845343361449385,0.005491759971254299
TCGA-BR-8678-01,TCGA-BR-8678,-1.1230286309160589,0.12911390753928673,-0.005649747567482248,-0.1249797886359258,0.16985187951517622,0.15218904736177472,-0.3100474810114341,-0.10377688357409985
TCGA-BR-8679-01,TCGA-BR-8679,-1.382944127036542,0.38246566642630514,0.08269381306983542,-0.14513480194773654,0.06998636848924858,0.15216702242433264,-0.132304622914304,0.11801419936662992
TCGA-BR-8680-01,TCGA-BR-8680,-41.657804525191985,15.804878877511022,40.96008756764462,16.426476726097615,-6.322409147901299,-0.6344298808572704,1.8443334472177841,-0.6318419265425389
TCGA-BR-8682-01,TCGA-BR-8682,-0.4665679058292994,0.054638616411909244,0.061308406129459335,0.03789733680092855,0.13351641190105143,-0.009409625595206767,-0.06753492663848851,-0.07073404901878752
TCGA-BR-8683-01,TCGA-BR-8683,-1.2290112475261188,0.13689503124834723,-0.025496593999210698,-0.2161139694988209,0.4314467024573342,-0.028021819090567033,-0.32860822012503954,0.1620001365080527
TCGA-BR-8686-01,TCGA-BR-8686,-1.0122392155076803,0.08405431553950045,-0.013563069692753699,-0.10116841419955265,0.3461172137256699,-0.07152469657952742,0.11211952681763439,-0.053126964593467364
TCGA-BR-8687-01,TCGA-BR-8687,-1.5005213785659803,0.24317297645416464,0.1730391778014461,-0.08092993044883799,0.37222337293592017,0.17083618009532672,-0.19339484033692167,0.09671671362671713
TCGA-BR-8690-01,TCGA-BR-8690,-1.4460106019986374,0.37054542107798805,-0.03395790200584417,-0.1548755733565082,0.4919553677962348,0.04602825701153725,-0.21065300378333512,0.08149619596858902
TCGA-BR-A44T-01,TCGA-BR-A44T,-0.15320587605697025,0.04650519048510613,0.009164851982601932,0.006231185359265752,0.07171486270253082,0.033751242973818665,0.0029206219985316675,0.009083891889193153
TCGA-BR-A44U-01,TCGA-BR-A44U,-0.8924163777005556,0.012219450304115042,0.09472146793857296,-0.19080407228420068,0.24124581046963273,-0.06874756343259385,-0.32376495560618945,-0.24448792382328643
TCGA-BR-A452-01,TCGA-BR-A452,-0.974021840877344,0.10996656223904074,0.019884593858094348,-0.03940324695909721,0.31842552429337073,0.07243919928108952,-0.24077314468667316,-0.28080226322243435
TCGA-BR-A453-01,TCGA-BR-A453,-0.6895202898247175,0.03425920279689905,-0.12058986661357783,-0.001059997846458913,0.07662614586041208,-0.06291956644966645,-0.056143372925205264,0.05943916859955941
TCGA-BR-A4CR-01,TCGA-BR-A4CR,-0.5011347117962918,0.03666153828201986,-0.04561597688218435,0.03949348162928192,0.04665298543859053,0.011158036481451703,-0.0551295683108923,-0.09990686150404368
TCGA-BR-A4CS-01,TCGA-BR-A4CS,-1.401389433523837,0.252093316961165,0.06862869205800634,-0.2416145746352721,0.2820062307044207,0.11641809701344477,-0.19061915221298248,0.20887562649944535
TCGA-BR-A4IU-01,TCGA-BR-A4IU,-0.2851006696290972,0.11655176934730337,0.01775251807763765,-0.08956925556405261,0.02923655512697696,-0.011698617783802868,0.01180933191451312,0.015436519113541505
TCGA-BR-A4IV-01,TCGA-BR-A4IV,-0.20716657520224013,0.05169916806735574,-0.04039814418981042,0.05244449126279172,0.04640373109501101,0.0013135546645099971,-0.025661779555096405,-0.08865840280360757
TCGA-BR-A4IY-01,TCGA-BR-A4IY,-1.3097839611032491,0.13956305954078943,-0.09509637479884875,-0.05424280596605311,0.4030779596938499,0.12619831588275385,-0.22454857456963814,0.19444633827923732
TCGA-BR-A4IZ-01,TCGA-BR-A4IZ,-0.18260828581526278,0.058833249096106294,-0.030270334304741946,-0.04714730264837471,-0.010215496643485252,0.07770167892234914,-0.08169280359914279,0.019159988577512145
TCGA-BR-A4J1-01,TCGA-BR-A4J1,-0.5226822579490172,0.05669465174715686,-0.045010637573844686,-0.00998280547590054,0.0523884404638134,-0.13132663920814483,-0.07509240218205998,0.04279369724202932
TCGA-BR-A4J2-01,TCGA-BR-A4J2,-0.2857141886309533,-0.02175604163800675,-0.0002858800947127262,-0.026939785181984855,0.08303859085583844,0.14967311110695183,-0.11836903421567385,-0.04240782625970022
TCGA-BR-A4J4-01,TCGA-BR-A4J4,-0.8611164191379828,0.16251809121833471,0.05479563017097487,-0.1369787846611801,0.07056226562980636,0.04231332576931761,-0.08731649336548089,0.04577282266685316
TCGA-BR-A4J5-01,TCGA-BR-A4J5,-0.9299952541698081,0.1832793800047621,-0.0011392632523635564,-0.18543494005246036,0.38249013452811453,0.03997531113494941,-0.2265051481230772,0.2035257279730066
TCGA-BR-A4J6-01,TCGA-BR-A4J6,-0.2585543831195424,0.007904349671003251,-0.12047572301768167,-0.047689567247853594,0.14221475288946434,0.013364488564613428,0.04399472860935305,-0.007104538920172214
TCGA-BR-A4J7-01,TCGA-BR-A4J7,-0.48692022535434815,0.052323115877788366,-0.03791745783808817,-0.06495281803038816,0.044829365105097344,-0.0010792477756121754,-0.07712102761688933,0.14124861862220583
TCGA-BR-A4J8-01,TCGA-BR-A4J8,-0.7496716313533739,0.07252589425171556,-0.0014012981563676695,-0.21893764610081815,0.21523714856049797,-0.0191435946912362,-0.18943641127656088,-0.14271633701469452
TCGA-BR-A4J9-01,TCGA-BR-A4J9,-0.4566151485300425,-0.025442685506256044,-0.05057180772236358,-0.03486451216455277,0.08881576976909489,-0.007268699298092029,0.03526814067276536,0.044147051510457655
TCGA-BR-A4PD-01,TCGA-BR-A4PD,-1.4846531240128094,0.2334754796443745,-0.11090874077673021,-0.3034511090321739,0.5091735376549367,0.14232162123578243,-0.24154782529298346,-0.06610424428471003
TCGA-BR-A4PE-01,TCGA-BR-A4PE,-2.0837411232064063,0.48491252068612256,-0.12408687378529668,-0.20231781313738106,0.6407516742579041,0.2271075071020631,-0.3737619422759286,-0.2588931158162527
TCGA-BR-A4PF-01,TCGA-BR-A4PF,-1.0640240018231935,0.08141620166275848,-0.07567316630504972,-0.22833606207270601,0.21522199134096257,0.07854820720351206,-0.36796862780498374,-0.07119947343416379
TCGA-BR-A4QI-01,TCGA-BR-A4QI,-0.9786077218196583,0.2788153651952912,-0.10446447938234187,-0.19126653704895463,0.3026918892380031,0.19352942302850795,-0.05910995033024944,-0.059110979017238614
TCGA-BR-A4QL-01,TCGA-BR-A4QL,-15.318728147739332,2.3810812829371493,-1.5136004926352646,-3.756148554231826,8.24350218930584,-3.316681970423342,-10.12115121776908,19.674606180440996
TCGA-BR-A4QM-01,TCGA-BR-A4QM,-0.7956583341453308,0.07101824737662553,-0.0954299089311289,-0.12680922464026384,0.2695369386100456,-0.10323415811665632,-0.195907781873763,0.03715221911727206
TCGA-CD-5798-01,TCGA-CD-5798,-0.7972159265041251,-0.03010966593077253,-0.0018448618415664282,-0.35527368182679764,0.19293365573042615,0.1083173897216135,-0.13161487157493157,0.016409821859368085
TCGA-CD-5799-01,TCGA-CD-5799,-0.290151090888707,0.03657726549021107,-0.008305394484688259,-0.05217720217792853,0.14829160887204634,0.017707429251512117,-0.07608638582845488,-0.06296096001754525
TCGA-CD-5800-01,TCGA-CD-5800,-1.4963065734829823,0.26074222231131694,-0.0605648590024536,-0.28831841593900237,0.5247885537614303,-0.025843072700598636,-0.3018671490112749,-0.18707065005016504
TCGA-CD-5801-01,TCGA-CD-5801,-3.913865293491208,0.45827574914022345,0.3542877108577138,-0.5775587926965227,0.7109988278663654,0.06614506805285252,-0.7786963042777763,-0.2814396886086386
TCGA-CD-5803-01,TCGA-CD-5803,-0.3088111983327409,-0.053127221358808936,-0.023435456873265544,-0.04654544991505381,0.13412834288071918,0.11974354335982387,-0.13465416751510723,0.040723899721098654
TCGA-CD-5804-01,TCGA-CD-5804,-0.7525391792935937,-0.037428258358260746,0.03793131923903811,0.08929579367389122,0.1836371121860192,-0.06251352025702572,-0.05164312127899235,0.029150162832515463
TCGA-CD-8524-01,TCGA-CD-8524,-1.383870641676396,0.10246406686666912,0.10234292760261555,-0.1210590913519689,0.4237619300090493,0.0074811920776423355,-0.0024759792607581747,-0.15905289659704014
TCGA-CD-8525-01,TCGA-CD-8525,-0.6472776230422085,0.03884214449411208,0.018930108459356408,-0.01189237265273988,0.23564378794587013,0.06232548613717654,-0.2642307262934376,-0.033775007055209263
TCGA-CD-8526-01,TCGA-CD-8526,-0.45282230090301423,0.002451712377018931,-0.005949093738997441,-0.04425070556142244,0.18101043196811872,0.16056231074143457,-0.18074206031107326,-0.07155751267073525
TCGA-CD-8527-01,TCGA-CD-8527,-2.0303828677799625,0.2727581982401811,-0.013441182346916799,-0.3996095973087617,0.6697042438103474,0.35508327897078884,-0.1723783032035923,0.2710276573846033
TCGA-CD-8528-01,TCGA-CD-8528,-0.9440525344833189,0.12047212956932354,-0.030517715131778547,-0.10347828404050322,0.1635490679033356,-0.05751914181824812,-0.20982497831688177,0.07125096789943981
TCGA-CD-8529-01,TCGA-CD-8529,-3.3260343811876174,0.4505117362807688,-0.034583439263802654,-0.5591042069547311,0.4763349404202719,-0.10573890912040645,-0.41567331091763754,0.032688635456347356
TCGA-CD-8530-01,TCGA-CD-8530,-0.7994261478171768,0.14723897117689277,-0.13801506698442603,-0.1252669649121218,0.31843512496841825,-0.04197844137912802,-0.25541488929211614,-0.07129665445414926
TCGA-CD-8531-01,TCGA-CD-8531,-1.974126159664649,0.40849230577750534,-0.2344261830642928,-0.2851016209174153,0.6064705445040495,0.08551947994769851,-0.12648616948930608,-0.21974459220139778
TCGA-CD-8532-01,TCGA-CD-8532,-0.254081072130166,-0.0023300994204665674,0.07169709626036351,0.0269017051396266,0.1082332506509056,-0.039810692156746486,-0.04297611841820588,0.015964590424675018
TCGA-CD-8533-01,TCGA-CD-8533,-1.143049224287704,0.1417422198751209,0.00441640234063908,-0.001084557700898686,0.34856052782166086,0.35752008984494577,-0.311782626088349,0.04592294985979646
TCGA-CD-8534-01,TCGA-CD-8534,-0.5169399075143657,0.02919026113875574,-0.034595037889625244,-0.1168892732842561,0.1431860122459336,-0.04709625087073538,-0.17154435762430212,-0.002308984786406359
TCGA-CD-8535-01,TCGA-CD-8535,-2.4455582396094524,0.052352108429806865,-0.03441732870496407,-0.3278459373480714,0.569150183066678,0.014986115814264098,-0.18693511700192475,0.0007826329595577046
TCGA-CD-8536-01,TCGA-CD-8536,-7.562739545078233,0.2906217566096164,-1.0848087493102947,-1.4456942838489375,2.3285287327783384,0.27262703156634877,-0.5023444026004645,0.43432749623747285
TCGA-CD-A486-01,TCGA-CD-A486,-0.888575593218128,0.0979187429034077,-0.03578517769455909,-0.27198727837477,0.26443827863036423,0.14191345674161499,-0.15248018885562253,0.0233730055611151
TCGA-CD-A487-01,TCGA-CD-A487,-1.654477920033855,0.1683717388489723,0.16971439474781785,-0.08510457200343788,0.457453398189896,0.10696609744488418,-0.1285753191419741,-0.09856958321687502
TCGA-CD-A489-01,TCGA-CD-A489,-0.6878003234705885,0.12936100707671777,0.13063155149263342,-0.05986612226947043,0.220593634229718,0.06200868827223023,-0.08591725473714962,-0.09962220903194217
TCGA-CD-A48A-01,TCGA-CD-A48A,-2.0245959856390985,0.2910065725140366,-0.12283743543997341,-0.08275313400989405,0.4760794189096847,0.2149718158693364,-0.004266884163266594,-0.08927157131191131
TCGA-CD-A48C-01,TCGA-CD-A48C,-1.9358863872747174,0.29961648981094724,0.06227044859834022,-0.34492155039387234,0.5946543303200037,0.2142952674476952,-0.36167447064473784,0.07305717859662657
TCGA-CD-A4MG-01,TCGA-CD-A4MG,-19.49751895706928,2.1063449589972665,-1.4241932619868773,-5.734022453260439,12.725473848065121,27.432710227582614,22.399692874512247,3.826232363275819
TCGA-CD-A4MH-01,TCGA-CD-A4MH,-0.6260250803236322,0.021150896136699873,0.11909330552967844,0.026980467749493853,0.18492814964174745,0.0364702065673248,0.04431971278724704,-0.07070422793071326
TCGA-CD-A4MI-01,TCGA-CD-A4MI,-8.727155095003285,1.0668675457523962,-0.9563044650337807,-1.7913822725410444,2.5633671999409295,-0.1601269465821153,-1.3940195544237228,-0.3395135297192874
TCGA-CD-A4MJ-01,TCGA-CD-A4MJ,-5.994443920819694,1.1475944627495636,-0.8387227666929418,-1.1569135484368904,1.7449270126395586,-0.08986251914405323,-0.619614533667102,-0.49699039247848215
TCGA-CG-4437-01,TCGA-CG-4437,-4.29112927688801,0.11620675820240285,-0.08196736326091635,-0.3249654419955995,0.6430383224541852,0.42684179194211863,-0.4443739219984716,0.1110120499914444
TCGA-CG-5717-01,TCGA-CG-5717,-1.1079545483777873,0.17854074998729091,0.06819006329130285,-0.007594505363716714,0.08464955842102016,-0.06952194783112005,-0.16139365489048543,0.030182529549027712
TCGA-CG-5718-01,TCGA-CG-5718,-0.8023386849922557,0.10261782868505992,-0.09296724250799059,-0.22912286905797477,0.021089724526758283,0.1395070770996841,-0.238263079755091,-0.06678242340969542
TCGA-CG-5719-01,TCGA-CG-5719,-0.7503203701485673,0.09921623432977865,-0.11856110734537162,-0.06451292378622707,0.1804998532395504,-0.06858844293359634,-0.07231928598357039,-0.056342621001904514
TCGA-CG-5720-01,TCGA-CG-5720,-0.8984410457186677,0.10208489179555294,-0.04775337675189588,-0.15241252563108773,0.3726117702424222,-0.0834101326841026,0.019477801604923198,0.08599350084612278
TCGA-CG-5721-01,TCGA-CG-5721,-32.24021683845442,8.888387302268491,-1.5719380237124423,-34.17387325097389,-28.340086222406725,-0.11007644384550845,2.2780137368660887,0.5256320246576315
TCGA-CG-5723-01,TCGA-CG-5723,-14.34403929896066,0.9053106895716546,-0.35605823939761816,-3.1402140459900654,4.870161092017326,-0.5594697421039686,-5.002962656197111,0.4368463370359094
TCGA-CG-5724-01,TCGA-CG-5724,-1.0680484673594104,0.13761325079573788,0.026616534960742823,-0.17200776262857911,0.19954850162055213,0.09190749897655684,0.05638555926914282,-0.25441685127019753
TCGA-CG-5725-01,TCGA-CG-5725,-0.8492215613202203,0.10944105192684604,-0.010270994257203953,-0.16000814857737888,0.14965322220089322,-0.028859204799645113,0.04762296602531299,-0.14677083515169792
TCGA-CG-5726-01,TCGA-CG-5726,-11.221298290954165,1.2241063345766203,-0.5634509267002482,-2.163702725629822,4.1488779077710385,1.840008257367268,-2.4489667725022097,2.9718169575010465
TCGA-CG-5732-01,TCGA-CG-5732,-0.537199787060303,0.15728890978779703,0.0413237563121737,-0.010973677767123966,0.05581845712950696,0.009850937144505254,-0.06503071720327941,-0.0006995227492015924
TCGA-CG-5734-01,TCGA-CG-5734,-0.899578643773098,0.21558028138473642,-0.0752453776164495,-0.0726395275406119,0.3022898492247921,-0.04543036182052488,-0.1558819460066151,-0.056898531770525174
TCGA-D7-5577-01,TCGA-D7-5577,-1.0749041121270293,0.23466760339441978,0.12314099763182676,-0.11697300518026998,0.2902848001632287,0.03435941294558808,-0.23802119622339485,-0.07712986568474359
TCGA-D7-5578-01,TCGA-D7-5578,-1.930989805734405,0.20752943078730948,0.1701393873894974,-0.2949227714549944,0.4988090506762795,0.07307893783131615,-0.2599413684230299,-0.23047074999535205
TCGA-D7-6518-01,TCGA-D7-6518,-0.7283932796140594,0.014347926692584955,0.02729171629181354,-0.11960235531474946,0.06341244431319566,-0.08971254917900445,-0.2131613474287856,0.0037031788284533737
TCGA-D7-6519-01,TCGA-D7-6519,-0.3897168526611422,0.06517729573115996,-0.06850064311641635,0.06410571764475836,0.03267648895406217,-0.0019129856028156432,-0.0013629969071770726,0.03235481107707987
TCGA-D7-6520-01,TCGA-D7-6520,-0.5488317086527901,0.10623225512827816,-0.058835009224397224,-0.21118756904421845,0.21773860177120827,0.049758838591829155,-0.026606362978211912,-0.09794160169081344
TCGA-D7-6521-01,TCGA-D7-6521,-0.6734161792709675,0.06754331404616701,0.07598656059893553,-0.1479763794541536,0.2773713844176567,0.08219900021108863,-0.04985512261165844,-0.032992277167982066
TCGA-D7-6522-01,TCGA-D7-6522,-0.46900256910248866,0.06662240797204481,0.06286553373480054,-0.04095291678369197,0.13949575521869456,-0.042187875590496464,-0.04043017237768438,0.12626307166723444
TCGA-D7-6524-01,TCGA-D7-6524,-0.9203499331064254,0.13573439233765122,-0.04685712104111356,-0.14568489095415463,0.288655571433865,0.04036591463338712,-0.17624112573444145,0.025621390419008187
TCGA-D7-6525-01,TCGA-D7-6525,-1.5495917604556533,0.11985102940000276,0.05176402406451951,-0.09917156212646107,0.4230708413003705,0.020474929771191225,-0.32839779594544144,-0.07410302859217813
TCGA-D7-6527-01,TCGA-D7-6527,-1.9881117915790554,0.39920645086817685,0.05639286257561222,-0.11079057369816209,0.41794252293578693,0.2190125816441229,-0.5387856183622352,-0.28807627622139537
TCGA-D7-6528-01,TCGA-D7-6528,-3.0560010888669553,0.4542405251681142,0.030479478785977544,-0.20422335517332046,0.5174436823990615,0.06124630270461768,-0.4224220281277707,0.256836408560341
TCGA-D7-6815-01,TCGA-D7-6815,-1.1106847326693094,0.11529257215747712,0.004820181881963302,-0.1659033237063682,0.4393559291443964,0.04607211213368577,-0.13037752271795186,-0.020427689701150328
TCGA-D7-6817-01,TCGA-D7-6817,-0.8171533187842958,0.12379645994202865,0.11951270818029147,-0.021744508280458916,0.2754247635510372,0.016758841566952686,-0.19403766396456795,0.04721635719747713
TCGA-D7-6818-01,TCGA-D7-6818,-1.5929603258774567,0.22847931750611794,0.16213782486561834,-0.1457986282884576,0.605930565173787,0.051432144322989023,-0.2842225072526814,-0.11747780432941368
TCGA-D7-6820-01,TCGA-D7-6820,-0.6868994282818776,0.1100622064316167,0.07240967270993982,0.10854265236830372,0.19195127118685687,0.12392020059377139,-0.1922542367664352,-0.030978103192820745
TCGA-D7-6822-01,TCGA-D7-6822,-2.310874581546996,0.47357686513946906,0.2411698514900234,-0.09553092885425066,0.5317144929539263,0.181016700836079,-0.33965173301701773,-0.20315076484102354
TCGA-D7-8570-01,TCGA-D7-8570,-1.0036165223677322,0.06531947189791586,-0.08963292931896831,-0.09895813704216311,0.2884220196432703,-0.15065603182076934,0.04010429517053334,-0.071727652182893
TCGA-D7-8572-01,TCGA-D7-8572,-1.6024541730542534,0.10021225641021446,0.2742266495426885,-0.25107158647473343,0.3712950149831833,-0.1073144166527659,-0.13696553450156695,0.13177270598047072
TCGA-D7-8573-01,TCGA-D7-8573,-0.6412022161448501,-0.04014884678863217,0.09046513238355805,0.022911520908673235,0.11641691764851017,-0.051351642067941086,0.06451761644821093,-0.10495082397736663
TCGA-D7-8574-01,TCGA-D7-8574,-0.390322522201132,0.08811310037560569,-0.030297748754282736,-0.06839799832279839,0.08512485945469477,-0.021758062641575072,-0.079137637238352,-0.030492984766191326
TCGA-D7-8575-01,TCGA-D7-8575,-0.4092390262364771,0.060970774318869214,-0.012479870207937383,-0.047620062378504566,0.04546385111614411,0.03898834537557494,0.001541755866687042,0.0385006724396837
TCGA-D7-8578-01,TCGA-D7-8578,-0.5718962651984877,0.027453756730229734,-0.03728054666178234,-0.11443677690145214,0.14684176210905345,-0.0172007080563527,-0.04687900441739603,0.0127655852037489
TCGA-D7-A4YT-01,TCGA-D7-A4YT,-2.075589979443477,-0.002106871881693186,-0.32186053501279016,-0.43645930914577397,0.57520710125735,-0.1470812279618932,-0.36044704049277376,0.027415697194810115
TCGA-D7-A4YU-01,TCGA-D7-A4YU,-2.1253362578713313,0.15626318809950038,0.13460745675489902,-0.12952272433608653,0.6702993891153141,0.2527028405229764,-0.386101131968189,-0.1659136553829664
TCGA-D7-A4YV-01,TCGA-D7-A4YV,-7.369420903189644,0.5673460579709075,-0.354641815262685,-1.4439327752191262,2.003534050929492,-0.48360188460105635,-1.1266953183148882,-0.2936837379709424
TCGA-D7-A4YX-01,TCGA-D7-A4YX,-0.8079747958819976,0.20372147033610652,-0.07654157716269366,-0.03180283230555034,0.2272302131003989,-0.13123219571721675,-0.1506182920170192,-0.1570427664267967
TCGA-D7-A4YY-01,TCGA-D7-A4YY,-3.8320107578921414,0.2034525657908446,-0.17709101460802015,-0.5773351718925911,1.0133866672762732,0.006031127768423648,-1.2605093053093153,0.15946130814461815
TCGA-D7-A4Z0-01,TCGA-D7-A4Z0,-2.8060135377476274,0.6588373189226634,0.31278173797033726,-0.23879788882594338,0.6814263236931166,0.24019025297185675,-0.20148221160115745,0.06936354732049432
TCGA-D7-A6EV-01,TCGA-D7-A6EV,-1.5293574373865244,0.2363320132005803,0.12321569868302842,-0.25443912506125077,0.5672993228403627,0.19459491997549958,-0.33193569868120065,-0.218797330909378
TCGA-D7-A6EX-01,TCGA-D7-A6EX,-1.25596154276434,0.06369722830828412,-0.1422714844712782,-0.18638573692050261,0.4660262699180651,0.12278666140854644,-0.2906824256202507,-0.3583054636588472
TCGA-D7-A6EY-01,TCGA-D7-A6EY,-11.145374519883294,0.4242038560383329,-1.1705575826761134,-2.5195230741358405,5.867845270489896,0.3482556303942273,-3.4283335220593165,1.177236244378576
TCGA-D7-A6EZ-01,TCGA-D7-A6EZ,-2.449431710150503,0.3225353489259521,0.2069943673727209,-0.1753529617127499,0.4999441730047509,-0.23082359823634027,-0.529187106066745,0.22931164149384034
TCGA-D7-A6F0-01,TCGA-D7-A6F0,-1.1767897858352174,0.05641672673914661,0.01968108858597959,-0.22155874946568632,0.21706646751552316,0.18020035894602923,-0.11268933646134195,-0.04901414230465067
TCGA-D7-A748-01,TCGA-D7-A748,-0.336105190107778,0.039264244356911775,-0.08129426279796009,-0.009680821498404537,0.09059535224289142,-0.007019981433191862,-0.03027759905624268,0.1359627308418433
TCGA-EQ-8122-01,TCGA-EQ-8122,-1.458108527576118,0.14762032080658585,-0.11158978949451095,-0.1008961042314131,0.331400637287163,0.28305704733039055,-0.17877765270823195,-0.07502245885067711
TCGA-EQ-A4SO-01,TCGA-EQ-A4SO,-1.6990690155152652,0.28955412358694865,-0.12810939140102326,-0.3558396301925337,0.31370627743220086,0.23368117775432834,-0.14702864417174552,0.20586262244648526
TCGA-F1-6177-01,TCGA-F1-6177,-11.001869965501394,0.4108313353612859,-1.087868275207271,-1.550740946167343,3.6290779374054174,-0.08409524005234736,-2.302716135502551,0.10870268541409144
TCGA-F1-6874-01,TCGA-F1-6874,-7.930376494456188,0.37787325835287755,-0.5808710289714273,-1.6500112830968658,2.647639501016187,-0.4721596786928119,-0.6889666849488729,1.0779663212226018
TCGA-F1-6875-01,TCGA-F1-6875,-0.8000041323887503,0.032369800467282675,-0.057742122867494756,0.0757901404408718,0.2087669548816083,0.049747905708241565,-0.176217805083182,-0.18046434632177522
TCGA-F1-A448-01,TCGA-F1-A448,-5.162950476294687,0.3918485026002667,-0.3932666339611454,-0.3982697317678215,1.353193776836681,0.22031101444167564,-0.36198970080240284,-0.21716928402010438
TCGA-F1-A72C-01,TCGA-F1-A72C,-0.4523045726350647,0.14463236333379467,-0.11896632581330197,-0.14182848137368081,0.1917762039878177,0.15931658916265112,-0.1745237120514205,0.08330612825348992
TCGA-FP-7916-01,TCGA-FP-7916,-0.9490116745846546,0.1518578647658108,-0.08267118661771677,-0.13872691340052315,0.16237560777865673,0.0935278898891664,-0.14939516853815277,-0.011953028245499419
TCGA-FP-7998-01,TCGA-FP-7998,-0.6641632155772753,-0.00047049571740231423,0.05150214904700295,-0.010522045774463395,0.1789751197879369,0.0011493416035730278,-0.09976550118106677,0.07879801694853288
TCGA-HF-7132-01,TCGA-HF-7132,-10.748890222572049,1.2956993238427923,-0.4580561610662723,-2.1263830426317787,4.3062182325603535,0.35552224218414763,-2.274904088469676,-1.9709568273538243
TCGA-HF-7133-01,TCGA-HF-7133,-0.6421226988926084,0.002575185506570158,-0.013561511070336821,-0.025623106255002845,0.137475447757366,0.0004596166035052776,-0.35471731867691797,0.14933715347197452
TCGA-HF-7134-01,TCGA-HF-7134,-2.427468403452162,0.25945961132301787,-0.016691666112311664,-0.1447561010470877,0.34140743164170756,-0.15510891873547952,-0.6556889493985852,-0.21204607388531907
TCGA-HF-7136-01,TCGA-HF-7136,-0.588740949841156,0.0415856136475244,-0.04166639189389535,0.046302811753277044,0.19411233456231286,-0.0013704136391995778,-0.07009134029117707,0.06794357885988217
TCGA-HF-A5NB-01,TCGA-HF-A5NB,-11.59767533151335,0.5097280084311843,-0.8906325539811879,-2.020061027347449,5.219350370436549,0.40295439300639785,-4.4917341991389,0.9616569234582173
TCGA-HJ-7597-01,TCGA-HJ-7597,-6.428645044677671,0.6455999780803972,-0.5823852333525202,-1.364255571830179,1.9872755947582337,-0.14079899098038245,-1.5643637346705532,-0.9302962740374712
TCGA-HU-8602-01,TCGA-HU-8602,-13.252257925032936,1.5131608633930558,-1.836585461889897,-2.683106985868833,6.239850949529268,-1.162564924140719,-5.463917441112992,0.2514814020109464
TCGA-HU-8608-01,TCGA-HU-8608,-0.8345269299147251,0.1375728192000007,-0.05331191229378221,-0.12377403286504986,0.2718401233921889,-0.03231501534764476,-0.08681459562472278,0.03785166944043506
TCGA-HU-8610-01,TCGA-HU-8610,-0.5907881983267662,0.2097737210122316,0.02162724610249468,-0.13957187911037477,0.20352203459756255,0.021010648891710525,-0.1601444389464721,-0.013784148832358725
TCGA-HU-A4GF-01,TCGA-HU-A4GF,-1.4099347800810886,0.17574720900407362,-0.15361243036089267,-0.04563611151872618,0.2736158000928873,-0.06904050761058196,-0.1343145248602826,0.2516655869754704
TCGA-HU-A4GQ-01,TCGA-HU-A4GQ,-14.911150239885053,1.6116363620234755,-2.23605835404398,-4.665035193589843,7.5363881183558155,3.055402907304837,-6.096050563750697,-29.075218462897688
TCGA-HU-A4GT-01,TCGA-HU-A4GT,-11.683540871825436,1.4564252107269398,-1.4666015065687208,-1.9513651558740885,3.420714483641386,-0.5151525571286734,-2.3829211256661798,2.592893099357664
TCGA-HU-A4GU-01,TCGA-HU-A4GU,-12.211551076410808,1.138967097336084,-0.12308007211731063,-1.7520678206846374,4.337889206052888,-0.013953265498096723,-1.8507738024232454,-3.1461494094656404
TCGA-HU-A4GX-01,TCGA-HU-A4GX,-10.415411071617408,1.1806898602269875,-1.160490060535388,-2.4761001888675813,3.385921884196219,-0.3061736824230938,-3.3174620586667665,-0.8876542749854388
TCGA-HU-A4GY-01,TCGA-HU-A4GY,-0.519010269816319,0.10581843458049518,-0.07112047437199842,-0.07847106725849382,0.03314764334300778,-0.058545229345927256,-0.12490439698551713,0.151319716678878
TCGA-HU-A4H2-01,TCGA-HU-A4H2,-1.6447616509144902,0.1296442047801702,-0.1646956895895579,-0.27608047990604717,0.4199460759502639,-0.047201308516951854,-0.1485943838196976,-0.0027053894088612533
TCGA-HU-A4H3-01,TCGA-HU-A4H3,-7.901611660113086,0.5633232304862741,-0.7210745733358502,-1.2064787209884518,2.667817064731733,0.1181440019051318,-2.208998758306399,-1.133516820667862
TCGA-HU-A4H4-01,TCGA-HU-A4H4,-5.542048633664307,0.5563228315323723,0.16506581174664822,-0.4314085390064189,1.406501298156498,0.46370742005079507,-1.3146422115601362,0.11749131343949801
TCGA-HU-A4H5-01,TCGA-HU-A4H5,-2.2696048401829056,0.3015611524857941,0.05180593714773894,-0.30254927930419656,0.3073519744060445,0.15927676355710368,-0.2317058618859245,0.14186741372046605
TCGA-HU-A4HD-01,TCGA-HU-A4HD,-1.7140313563027214,0.24424940365554165,-0.045246163368949134,-0.259004933348945,0.5267383301960522,-0.08174220388558584,-0.15530077238391551,0.06710626278027235
TCGA-IN-7806-01,TCGA-IN-7806,-0.7405316021506269,0.07629401392334417,-0.018803668504578697,-0.28210847715459025,0.35763437425027106,0.08495713309040691,-0.1567833858844995,-0.09205956797329208
TCGA-IN-7808-01,TCGA-IN-7808,-0.9658307323204713,0.06784789531513792,0.03142286375548234,-0.05753264598228427,0.07439115532218257,0.18415986979327703,0.03386689668909727,-0.04542865266604556
TCGA-IN-8462-01,TCGA-IN-8462,-0.998714739965573,0.14258872703819842,-0.04740612418709202,-0.26526364369390376,0.06697474892144716,0.02100528718400171,-0.3143593199727581,0.11893481733720854
TCGA-IN-8663-01,TCGA-IN-8663,-1.5096992224346522,0.2935656459686095,0.11502067647582226,-0.1138695367330388,0.4451273010690568,0.08551130774209378,-0.21686983883462627,-0.04215309554755227
TCGA-IN-A6RI-01,TCGA-IN-A6RI,-0.9607053553665676,0.0892865384590921,-0.012080267204968128,-0.08040169516467197,0.21876560181155363,0.0810028443077133,-0.33126149557029194,-0.08534876551608413
TCGA-IN-A6RL-01,TCGA-IN-A6RL,-3.827796504194009,0.3011697719159228,-0.3274687077987099,-0.5210842629902875,0.9969797454563819,0.49838247744752223,-0.7322468223031382,0.1348236027757939
TCGA-IN-A6RN-01,TCGA-IN-A6RN,-1.0574068700000094,0.09765969131071844,0.06461024111041774,0.09556679898471755,0.20958794083806837,0.02432069390687981,-0.10454263002233856,-0.011028966488037946
TCGA-IN-A6RO-01,TCGA-IN-A6RO,-2.7528221540763336,0.27381975500470873,0.30121206509658116,-0.7020002816020848,0.9710158901568994,0.37212325700191623,-0.3845215756696597,-0.370499147244704
TCGA-IN-A6RR-01,TCGA-IN-A6RR,-1.3980612770433798,0.1434985099486769,-0.16719031485038963,-0.16990315283274232,0.3886179646145655,0.17644576247506624,-0.1453596247657947,0.07618170109067476
TCGA-IN-A6RS-01,TCGA-IN-A6RS,-0.9196900322832915,0.17316257503472846,-0.04770879036933258,-0.2779929911240148,0.38774471528473325,0.03197424657459252,-0.39234163261803817,-0.19160932667285985
TCGA-IN-A7NR-01,TCGA-IN-A7NR,-0.876351321915925,0.21400461387163836,0.018575400500055912,-0.09124255249998905,0.043229509714584446,0.003568156666691101,-0.06667899566207018,-0.058166088203120296
TCGA-IN-A7NT-01,TCGA-IN-A7NT,-0.9641682476682519,0.12700073594214248,0.04674811944409311,-0.1253362270969396,0.19624957821497918,0.0027936178974026517,-0.3466037745502473,-0.015823212705884958
TCGA-IN-A7NU-01,TCGA-IN-A7NU,-0.8492104196113373,-0.12099750004669202,-0.19295121931312778,-0.11988574893006904,0.27790039731584315,0.1241064753248829,-0.18928117359902388,0.009664954325126734
TCGA-IN-AB1V-01,TCGA-IN-AB1V,-0.5077612693023151,0.08779102180908092,0.01503992847574568,-0.029745701434206892,-0.1160761817563245,0.0530189984235411,-0.004450682241513279,-0.08367640306172788
TCGA-IN-AB1X-01,TCGA-IN-AB1X,-0.9779930140576653,0.19328578130087826,-0.14972478961275149,-0.1047953331382144,0.29272489309928706,-0.1316239265947375,-0.048944785853673345,-0.2840331277326485
TCGA-IP-7968-01,TCGA-IP-7968,-0.984074432100311,0.11360261399155734,0.0234801886104202,-0.10436934388121413,0.3274544374914535,0.06676854969883057,-0.2899671265206641,-0.04173403560136017
TCGA-MX-A5UG-01,TCGA-MX-A5UG,-0.38363492227279355,0.08309169632591308,-0.03369321710000144,-0.1143963131642747,0.05979597571289125,0.010886620873815764,-0.036321484738723785,0.05019160853135833
TCGA-RD-A7BS-01,TCGA-RD-A7BS,-0.3920923534806619,0.008600773148370197,0.06342940183905088,-0.003682595462212919,0.12555711992559335,-0.06803199448357339,-0.034802288943328846,-0.06565770197910888
TCGA-RD-A7BW-01,TCGA-RD-A7BW,-0.5304547160173946,0.13405390027218195,-0.043963747600426054,-0.059285315328781944,0.0006116490009020934,-0.07085062952244625,-0.1858510033241135,-0.030379435077694205
TCGA-RD-A7C1-01,TCGA-RD-A7C1,-2.3905994696613684,0.5089562228614001,-0.06290969897264659,-0.3947392301075538,0.371139147597404,-0.2372795518952928,-0.4286398166746099,0.17020558597109917
TCGA-RD-A8MV-01,TCGA-RD-A8MV,-0.7595066243299343,0.00667850419166938,-0.040519720266243835,-0.15732825489769223,0.15306060144712033,-0.1491745360404933,-0.013163333360119102,0.047443621103085774
TCGA-RD-A8MW-01,TCGA-RD-A8MW,-0.8065475759261552,0.22923097381429183,-0.0008656288721622898,-0.03984344689928582,0.1537065389314921,0.06318554431007942,-0.11897888135175207,-0.07765707939099875
TCGA-RD-A8N0-01,TCGA-RD-A8N0,-0.011239278511549763,0.011350250142689092,-0.015652420994976837,0.0015308022175383248,0.015133809867292514,-0.017506873333262653,-0.0036618150163484063,-0.009416098580290315
TCGA-RD-A8N1-01,TCGA-RD-A8N1,-0.9772091605408066,0.24048430942213433,0.0007313099234681797,-0.0756126921799346,0.14565886737155423,-0.13151730276181506,-0.2657046001371479,-0.05508182276706277
TCGA-RD-A8NB-01,TCGA-RD-A8NB,-5.330636897280528,0.6243577428525108,-0.25925908648508916,-0.9314968731759136,1.5183042022776045,0.13598527690207654,-0.8983169925008766,0.9088721913299893
TCGA-SW-A7EA-01,TCGA-SW-A7EA,-5.3706836026333065,0.4049125223976213,-0.13045807766631218,-0.8291241119554715,1.5534913822377627,-0.06019552064539183,-1.0439727915811805,-0.002666412318966686
TCGA-SW-A7EB-01,TCGA-SW-A7EB,-1.2073777511326662,0.24737628988011207,0.12401785349987242,0.029880868836318863,0.45236945489267194,0.034871563784719325,-0.3062758970240824,-0.11550111263217458
TCGA-VQ-A8DT-01,TCGA-VQ-A8DT,-1.769259611806886,0.1868338252793154,0.06333979215196875,-0.17477839224381742,0.41786171285938684,0.13693899732062653,-0.28213836310869816,-0.010056088030699514
TCGA-VQ-A8DU-01,TCGA-VQ-A8DU,-1.5086267453322717,0.278879232013767,0.06607339928323977,-0.3995041267204682,0.22983703469259634,0.07534075796667872,-0.21793869306292116,-0.05356366201621807
TCGA-VQ-A8E0-01,TCGA-VQ-A8E0,-0.8353447904746611,0.04665091616925359,-0.035617986262832094,0.07362333449878865,0.10978582181894289,-0.03345574420920358,-0.18727152206446718,0.12112256452889415
TCGA-VQ-A8E2-01,TCGA-VQ-A8E2,-1.0304496501282165,0.1469717817401929,-0.009914456863447411,-0.09200684320647162,0.2463100007181802,0.10642412087138829,-0.22571303444803834,-0.014423751181495525
TCGA-VQ-A8E3-01,TCGA-VQ-A8E3,-6.552836423798327,0.7665900811073131,-0.4007722632217906,-1.1743433251416489,1.93813516061674,-0.255020279258686,-0.5060960589677428,-0.17955248854922037
TCGA-VQ-A8E7-01,TCGA-VQ-A8E7,-0.8864831838379557,0.11716976602527744,0.09726866894885162,0.07532174078127657,0.20507977387007154,0.15387692694200292,-0.17357424216979747,-0.1254711395057232
TCGA-VQ-A8P2-01,TCGA-VQ-A8P2,-50.34615301938911,-45.57676242970371,-0.5116406986212602,8.270193832665353,-8.430777170622,-0.4719221536788319,1.8231647241279902,0.05475780986252083
TCGA-VQ-A8P3-01,TCGA-VQ-A8P3,-2.667240786787183,0.5487010383941632,0.18864008055579118,0.022173835200698173,0.6794884878858484,0.23480119396978902,-0.005733755394770685,-0.004513507641543244
TCGA-VQ-A8P5-01,TCGA-VQ-A8P5,-1.8787413618560431,0.42552132482213956,-0.0631987648000293,-0.17495031761212732,0.1841824733157604,0.2686046190758873,-0.43261048437556604,0.09823852089110197
TCGA-VQ-A8PC-01,TCGA-VQ-A8PC,-1.36158558350382,0.15137393153702894,-0.08704518264760908,-0.206717215206241,0.4991980620569534,0.04591032543372268,-0.11823684275959262,-0.015989960571229388
TCGA-VQ-A8PD-01,TCGA-VQ-A8PD,-0.7720339627723911,0.10537937676689714,-0.007908523907390979,-0.10332555035053285,0.2448569397879829,-0.00028374118826047807,-0.11190961532868951,0.24232316791982145
TCGA-VQ-A8PE-01,TCGA-VQ-A8PE,-1.1927060467184532,-0.059253102635880434,0.19617962407369724,-0.25704243017658374,0.39137389205957407,-0.03508042202823557,-0.3859131516813989,0.03772198105296737
TCGA-VQ-A8PF-01,TCGA-VQ-A8PF,-1.2138268552784137,0.13873276175191726,-0.20382820110327332,-0.3819739522256404,0.3604933151890514,-0.030456459907201097,-0.11005247834499694,-0.1761882493059204
TCGA-VQ-A8PH-01,TCGA-VQ-A8PH,-1.7590182680303337,0.23599773585913436,0.10280558287766595,-0.3092918099851366,0.766326612076622,0.0809604768780526,-0.1473730243895788,-0.03876729908438714
TCGA-VQ-A8PJ-01,TCGA-VQ-A8PJ,-1.4071225138868946,0.1362338297928131,0.027789506951648748,-0.2302674114362118,0.35289208364949015,0.17509993146378638,-0.07412262386116991,0.13795945813024793
TCGA-VQ-A8PK-01,TCGA-VQ-A8PK,-1.0412475752148636,0.11788312616441078,0.025202969886864407,-0.16819222512661902,0.3473922842805678,0.024254954176367496,-0.21455358753408957,0.05323029172399111
TCGA-VQ-A8PM-01,TCGA-VQ-A8PM,-0.3819577043551424,0.12770772363167396,-0.0871906136407912,-0.08092119087941922,0.06312600841334613,0.0024433563524382407,-0.1070930891397257,-0.13687568632860525
TCGA-VQ-A8PO-01,TCGA-VQ-A8PO,-6.690030517509196,0.23557773780387464,-0.30913719454352034,-0.7866096418755174,1.2941676297685352,-0.6206998507591787,-1.6387594104083858,0.12039162429135745
TCGA-VQ-A8PP-01,TCGA-VQ-A8PP,-12.589140194217306,0.8635177133063513,-0.5406906315012463,-2.5114334075707045,4.033296275559062,-1.117229100821374,-4.712434960056321,1.0323696938578746
TCGA-VQ-A8PQ-01,TCGA-VQ-A8PQ,-0.11764357515664954,0.02239575903742492,0.0418458581129989,0.0037705514630693255,-0.011676415571824899,-0.0196848912619563,-0.021008852401593607,-0.012195862434130473
TCGA-VQ-A8PU-01,TCGA-VQ-A8PU,-0.8778083135311886,-0.013334602139206708,-0.12744032237062258,-0.10305329384686684,0.20903667393129513,0.002173082066238803,0.05373889882937666,0.020641293026878393
TCGA-VQ-A8PX-01,TCGA-VQ-A8PX,-4.986596489650805,0.4049064166921308,-0.11938065422539935,-0.6829161829913772,0.9966944590357875,0.027220462644000798,-0.3024480764907407,0.08887956994440963
TCGA-VQ-A91D-01,TCGA-VQ-A91D,-19.690510693826518,3.1533452253360905,-3.469236963580438,-5.417617212133808,12.937199514646975,-27.38854831351954,22.734889384375798,-1.532980538964446
TCGA-VQ-A91K-01,TCGA-VQ-A91K,-10.954766463354321,1.4043517233855716,-0.8314944874138968,-1.6028697245071977,4.036158984319722,-0.39332092891719705,-2.349594202521212,-1.0032579134623958
TCGA-VQ-A91N-01,TCGA-VQ-A91N,-1.0631128742000098,0.13337086638971035,-0.015852061569696013,-0.05299062122660394,0.2334778821090863,0.1135794870514003,-0.22902346802140897,-0.27042298443744855
TCGA-VQ-A91S-01,TCGA-VQ-A91S,-2.418391658160956,0.275327687114021,0.011514444474546423,-0.49340892220343796,0.34284944854346133,0.17505103606488254,-0.07415960221295785,0.03127842780178759
TCGA-VQ-A91U-01,TCGA-VQ-A91U,-1.371827249213572,0.1768036666497799,0.045450021963129555,-0.12949353917336534,0.43919017092802776,-0.19342588646252598,-0.17595569207861586,-0.07941665189112075
TCGA-VQ-A91V-01,TCGA-VQ-A91V,-2.166011669123711,0.3511042291927259,-0.037336149374222326,-0.15568512970387208,0.7383095373904139,0.03212636373098617,-0.41396273092851177,-0.22155199297155223
TCGA-VQ-A91W-01,TCGA-VQ-A91W,-0.46107567517252324,0.11382294391826701,0.06697436243512471,-0.001909442759409139,0.07015377676068817,-0.04107288732784381,-0.17442141558563554,-0.04671640667560616
TCGA-VQ-A91X-01,TCGA-VQ-A91X,-2.047757619382589,0.2880610313841701,0.00924628997582112,0.09406198180430766,0.5795495025107744,0.031090742680279275,-0.43319457502449665,-0.27229432075086757
TCGA-VQ-A91Y-01,TCGA-VQ-A91Y,-0.3652130397854043,-0.013737662205703511,-0.06628827633735326,-0.10252023215116135,0.09131300072490915,0.03244270119024359,-0.07185451766985985,-0.024556236564728443
TCGA-VQ-A91Z-01,TCGA-VQ-A91Z,-1.2897197624955037,0.1128245321415232,-0.01945635366803431,-0.21952764667327665,0.15039147214048112,-0.006346810836427166,-0.045287802945805714,-0.008707139448965494
TCGA-VQ-A923-01,TCGA-VQ-A923,-0.8599143325988896,0.005486113323128398,-0.1050062388599554,-0.20787750482904244,0.28242442272504265,0.058516714505206804,-0.229478759573452,0.07791079996613577
TCGA-VQ-A925-01,TCGA-VQ-A925,-1.1902694546038914,0.19027321754007184,0.006812825875903832,0.014324745254646616,0.2765412539672985,0.0834016929065586,-0.2825497185242139,-0.030573900676545397
TCGA-VQ-A928-01,TCGA-VQ-A928,-0.4290734169603926,0.05940974502637432,-0.03469515194823701,-0.05338276067571209,0.12853619976608682,0.034757083649677084,-0.10471030861506325,-0.12015567650032598
TCGA-VQ-A92D-01,TCGA-VQ-A92D,-0.9909709455882096,0.02734686419173733,0.06501741630716594,-0.13803542230336985,0.33264520830262084,0.017846404680380807,-0.0733302966024435,0.09389387854783246
TCGA-VQ-A94O-01,TCGA-VQ-A94O,-0.5285005064648997,0.14344892445319263,-0.1080297913857111,-0.1928059791524561,0.161000827540401,0.08714828947057932,-0.08760276278794799,-0.04803417421940233
TCGA-VQ-A94P-01,TCGA-VQ-A94P,-0.923405905625888,0.25444105129917305,0.020315588487751637,-0.12331746208015618,0.3448460006267845,-0.04192359324565093,-0.2843369029805799,-0.05714827982692758
TCGA-VQ-A94R-01,TCGA-VQ-A94R,-2.595883216327395,0.3688657670664743,-0.15545240485344036,0.036836729084777205,0.7907347391186212,0.13323047116041653,-0.45166911463133635,-0.09796579005116433
TCGA-VQ-A94U-01,TCGA-VQ-A94U,-1.1885169349989098,0.017310488968531806,0.11195283960126523,-0.13301961281542243,0.09958371978318431,0.20080363584122377,-0.04288269631478678,-0.07807149631041037
TCGA-VQ-AA64-01,TCGA-VQ-AA64,-2.204425941087204,0.2444372855256395,-0.10808697234211886,-0.2924275123791068,0.7114467482946484,-0.27562940023551175,-0.3324769162376322,0.0552251962950099
TCGA-VQ-AA69-01,TCGA-VQ-AA69,-0.5637703932154148,0.10253919947210476,0.00014552569283970485,-0.06303128619312039,0.0874626472671422,-0.1022283098321363,-0.126708268047596,0.1429296496650958
TCGA-VQ-AA6A-01,TCGA-VQ-AA6A,-0.9481235936623791,0.2136402952550403,-0.04520472017332731,-0.24680715693799382,0.2989696498696071,-0.059499660357351325,-0.13809703114306038,0.008592414619271608
TCGA-VQ-AA6B-01,TCGA-VQ-AA6B,-0.828303980564572,0.04723519428500516,-0.04392195381302668,-0.0388807151551109,0.20345678274897802,0.047651523130393954,-0.13057862728205366,-0.044352556399156716
TCGA-VQ-AA6D-01,TCGA-VQ-AA6D,-6.243691421154638,1.0500748857589959,-0.07696600798369585,-1.1568454591676727,1.6730652290818402,-0.09617339943849484,-0.8829859213429783,0.2839419502240375
TCGA-VQ-AA6F-01,TCGA-VQ-AA6F,-0.550583835312209,0.026515036196800998,0.06289069212079845,0.03289314749189195,0.19662200017671635,-0.026919123698248854,0.022045564280833773,-0.13216238115208193
TCGA-VQ-AA6G-01,TCGA-VQ-AA6G,-1.2591272476365545,0.26618604973922166,0.15390537730970977,-0.19791555292385574,0.21337474569596973,-0.06309494219878821,-0.14313009439076357,-0.0700713501048535
TCGA-VQ-AA6I-01,TCGA-VQ-AA6I,-0.9394107738156886,0.15012501898431407,-0.16293828116953663,-0.21801292162473457,0.3607109001918466,0.07319193124077344,-0.16768945208965963,-0.10249058919994873
TCGA-VQ-AA6K-01,TCGA-VQ-AA6K,-0.9067798364387972,0.14172713381984897,0.22015199218727868,-0.248926866801828,0.4139593839513698,-0.0010510019588380163,-0.16317434307301665,-0.027420780078154194
TCGA-ZA-A8F6-01,TCGA-ZA-A8F6,-0.4264293797710638,-0.03247189375453435,0.005124339610638079,0.05991408468547545,0.040988140926163756,-0.1724942917059263,0.007015743334542249,-0.02946174200443163
