feature_id,missing_count,missing_rate
MIMAT0019868,307,0.7932816537467701
MIMAT0019869,287,0.7416020671834626
MIMAT0019860,355,0.917312661498708
MIMAT0019862,291,0.751937984496124
MIMAT0019864,258,0.6666666666666666
MIMAT0019865,160,0.4134366925064599
MIMAT0019866,355,0.917312661498708
MIMAT0019867,259,0.6692506459948321
MIMAT0027483,377,0.9741602067183462
MIMAT0027482,371,0.958656330749354
MIMAT0027481,376,0.9715762273901809
MIMAT0027480,383,0.9896640826873385
MIMAT0027487,327,0.8449612403100775
MIMAT0027486,196,0.5064599483204134
MIMAT0027485,363,0.937984496124031
MIMAT0027484,384,0.9922480620155039
MIMAT0027489,382,0.9870801033591732
MIMAT0027488,382,0.9870801033591732
MIMAT0027365,384,0.9922480620155039
MIMAT0027551,350,0.9043927648578811
MIMAT0027550,348,0.8992248062015504
MIMAT0027553,356,0.9198966408268734
MIMAT0027552,377,0.9741602067183462
MIMAT0027555,362,0.9354005167958657
MIMAT0027554,359,0.9276485788113695
MIMAT0027557,385,0.9948320413436692
MIMAT0027556,385,0.9948320413436692
MIMAT0000765,2,0.00516795865633075
MIMAT0000764,0,0.0
MIMAT0000761,0,0.0
MIMAT0000760,0,0.0
MIMAT0000763,0,0.0
MIMAT0000762,0,0.0
MIMAT0004958,36,0.09302325581395349
MIMAT0002891,9,0.023255813953488372
MIMAT0002890,6,0.015503875968992248
MIMAT0019048,326,0.8423772609819121
MIMAT0019049,361,0.9328165374677002
MIMAT0019047,240,0.6201550387596899
MIMAT0019044,374,0.9664082687338501
MIMAT0019042,377,0.9741602067183462
MIMAT0019040,374,0.9664082687338501
MIMAT0019041,348,0.8992248062015504
MIMAT0026736,253,0.6537467700258398
MIMAT0004761,61,0.15762273901808785
MIMAT0026734,44,0.11369509043927649
MIMAT0026735,330,0.8527131782945736
MIMAT0004947,235,0.6072351421188631
MIMAT0026738,6,0.015503875968992248
MIMAT0004762,82,0.21188630490956073
MIMAT0004765,82,0.21188630490956073
MIMAT0024598,217,0.5607235142118863
MIMAT0024599,386,0.9974160206718347
MIMAT0026742,294,0.7596899224806202
MIMAT0027027,374,0.9664082687338501
MIMAT0026741,358,0.9250645994832042
MIMAT0004766,0,0.0
MIMAT0018098,376,0.9715762273901809
MIMAT0018099,383,0.9896640826873385
MIMAT0004768,90,0.23255813953488372
MIMAT0005907,337,0.8708010335917312
MIMAT0027612,378,0.9767441860465116
MIMAT0027345,337,0.8708010335917312
MIMAT0004800,2,0.00516795865633075
MIMAT0004801,2,0.00516795865633075
MIMAT0004803,357,0.9224806201550387
MIMAT0004804,298,0.7700258397932817
MIMAT0004805,66,0.17054263565891473
MIMAT0026605,347,0.896640826873385
MIMAT0004808,0,0.0
MIMAT0004809,0,0.0
MIMAT0026608,350,0.9043927648578811
MIMAT0026609,378,0.9767441860465116
MIMAT0018090,315,0.813953488372093
MIMAT0004484,0,0.0
MIMAT0022706,53,0.13695090439276486
MIMAT0022705,94,0.24289405684754523
MIMAT0005909,105,0.2713178294573643
MIMAT0004481,0,0.0
MIMAT0004482,0,0.0
MIMAT0022700,286,0.7390180878552972
MIMAT0004488,163,0.42118863049095606
MIMAT0004489,0,0.0
MIMAT0022709,51,0.13178294573643412
MIMAT0022708,136,0.35142118863049093
MIMAT0018094,386,0.9974160206718347
MIMAT0028225,385,0.9948320413436692
MIMAT0022839,358,0.9250645994832042
MIMAT0022838,214,0.5529715762273901
MIMAT0015039,378,0.9767441860465116
MIMAT0015038,349,0.9018087855297158
MIMAT0003252,380,0.9819121447028424
MIMAT0015033,359,0.9276485788113695
MIMAT0015032,195,0.5038759689922481
MIMAT0015031,201,0.5193798449612403
MIMAT0015030,385,0.9948320413436692
MIMAT0015037,359,0.9276485788113695
MIMAT0022834,0,0.0
MIMAT0015035,297,0.7674418604651163
MIMAT0015034,356,0.9198966408268734
MIMAT0003260,17,0.04392764857881137
MIMAT0003265,320,0.8268733850129198
MIMAT0003264,386,0.9974160206718347
MIMAT0003267,384,0.9922480620155039
MIMAT0003266,0,0.0
MIMAT0003269,386,0.9974160206718347
MIMAT0003268,378,0.9767441860465116
MIMAT0004543,0,0.0
MIMAT0003287,112,0.28940568475452194
MIMAT0003286,386,0.9974160206718347
MIMAT0003284,23,0.059431524547803614
MIMAT0003283,31,0.08010335917312661
MIMAT0003282,362,0.9354005167958657
MIMAT0003280,366,0.9457364341085271
MIMAT0007347,386,0.9974160206718347
MIMAT0000241,386,0.9974160206718347
MIMAT0019697,380,0.9819121447028424
MIMAT0019696,98,0.2532299741602067
MIMAT0019695,366,0.9457364341085271
MIMAT0019694,365,0.9431524547803618
MIMAT0019693,148,0.38242894056847543
MIMAT0019692,379,0.979328165374677
MIMAT0019691,379,0.979328165374677
MIMAT0019699,223,0.5762273901808785
MIMAT0019698,362,0.9354005167958657
MIMAT0013771,384,0.9922480620155039
MIMAT0028114,375,0.9689922480620154
MIMAT0028115,377,0.9741602067183462
MIMAT0028116,366,0.9457364341085271
MIMAT0028117,357,0.9224806201550387
MIMAT0028110,378,0.9767441860465116
MIMAT0028111,386,0.9974160206718347
MIMAT0028113,384,0.9922480620155039
MIMAT0028118,238,0.6149870801033591
MIMAT0028119,374,0.9664082687338501
MIMAT0004980,15,0.03875968992248062
MIMAT0004983,7,0.01808785529715762
MIMAT0004982,35,0.09043927648578812
MIMAT0002864,378,0.9767441860465116
MIMAT0002866,360,0.9302325581395349
MIMAT0004986,322,0.8320413436692506
MIMAT0015020,42,0.10852713178294573
MIMAT0027418,380,0.9819121447028424
MIMAT0015021,378,0.9767441860465116
MIMAT0027559,384,0.9922480620155039
MIMAT0019879,211,0.5452196382428941
MIMAT0019878,294,0.7596899224806202
MIMAT0027558,383,0.9896640826873385
MIMAT0019873,87,0.2248062015503876
MIMAT0019872,377,0.9741602067183462
MIMAT0019871,236,0.6098191214470284
MIMAT0019877,380,0.9819121447028424
MIMAT0019876,369,0.9534883720930233
MIMAT0019875,361,0.9328165374677002
MIMAT0019874,352,0.9095607235142119
MIMAT0024616,383,0.9896640826873385
MIMAT0024614,369,0.9534883720930233
MIMAT0024613,331,0.8552971576227391
MIMAT0024612,384,0.9922480620155039
MIMAT0024618,381,0.9844961240310077
MIMAT0000718,367,0.9483204134366925
MIMAT0000719,378,0.9767441860465116
MIMAT0000710,0,0.0
MIMAT0000714,386,0.9974160206718347
MIMAT0000715,339,0.875968992248062
MIMAT0000716,379,0.979328165374677
MIMAT0000717,371,0.958656330749354
MIMAT0003306,179,0.4625322997416021
MIMAT0027535,379,0.979328165374677
MIMAT0022269,372,0.9612403100775194
MIMAT0027588,297,0.7674418604651163
MIMAT0027589,268,0.6925064599483204
MIMAT0027582,352,0.9095607235142119
MIMAT0027583,377,0.9741602067183462
MIMAT0027580,328,0.8475452196382429
MIMAT0027581,381,0.9844961240310077
MIMAT0027586,366,0.9457364341085271
MIMAT0027587,2,0.00516795865633075
MIMAT0019059,269,0.6950904392764858
MIMAT0019058,150,0.3875968992248062
MIMAT0019050,375,0.9689922480620154
MIMAT0019053,303,0.7829457364341085
MIMAT0019052,265,0.6847545219638242
MIMAT0019055,375,0.9689922480620154
MIMAT0019054,292,0.7545219638242894
MIMAT0019057,382,0.9870801033591732
MIMAT0019056,344,0.8888888888888888
MIMAT0026721,381,0.9844961240310077
MIMAT0026720,156,0.40310077519379844
MIMAT0005458,127,0.3281653746770026
MIMAT0005459,368,0.9509043927648578
MIMAT0005452,260,0.6718346253229974
MIMAT0005455,386,0.9974160206718347
MIMAT0005457,339,0.875968992248062
MIMAT0000448,0,0.0
MIMAT0000449,0,0.0
MIMAT0000444,0,0.0
MIMAT0000445,0,0.0
MIMAT0000446,0,0.0
MIMAT0000447,0,0.0
MIMAT0000440,0,0.0
MIMAT0000441,0,0.0
MIMAT0000442,65,0.16795865633074936
MIMAT0000443,0,0.0
MIMAT0030017,88,0.22739018087855298
MIMAT0030018,333,0.8604651162790697
MIMAT0030019,151,0.39018087855297157
MIMAT0026619,327,0.8449612403100775
MIMAT0026618,247,0.6382428940568475
MIMAT0026615,62,0.16020671834625322
MIMAT0026614,288,0.7441860465116279
MIMAT0026617,223,0.5762273901808785
MIMAT0026616,66,0.17054263565891473
MIMAT0026611,376,0.9715762273901809
MIMAT0026610,382,0.9870801033591732
MIMAT0026613,384,0.9922480620155039
MIMAT0026612,353,0.9121447028423773
MIMAT0004813,42,0.10852713178294573
MIMAT0004812,385,0.9948320413436692
MIMAT0004811,109,0.28165374677002586
MIMAT0004810,1,0.002583979328165375
MIMAT0004814,0,0.0
MIMAT0004819,12,0.031007751937984496
MIMAT0004497,0,0.0
MIMAT0004496,8,0.020671834625323
MIMAT0004495,0,0.0
MIMAT0004494,0,0.0
MIMAT0022736,360,0.9302325581395349
MIMAT0004492,381,0.9844961240310077
MIMAT0004491,0,0.0
MIMAT0026472,14,0.03617571059431524
MIMAT0026479,112,0.28940568475452194
MIMAT0026478,163,0.42118863049095606
MIMAT0004499,42,0.10852713178294573
MIMAT0004498,77,0.19896640826873385
MIMAT0019208,1,0.002583979328165375
MIMAT0019209,384,0.9922480620155039
MIMAT0004657,0,0.0
MIMAT0019200,347,0.896640826873385
MIMAT0019201,192,0.49612403100775193
MIMAT0019202,153,0.3953488372093023
MIMAT0019203,373,0.9638242894056848
MIMAT0019204,369,0.9534883720930233
MIMAT0004658,115,0.2971576227390181
MIMAT0019206,279,0.7209302325581395
MIMAT0019207,294,0.7596899224806202
MIMAT0015006,330,0.8527131782945736
MIMAT0015007,333,0.8604651162790697
MIMAT0015004,359,0.9276485788113695
MIMAT0015005,320,0.8268733850129198
MIMAT0015002,359,0.9276485788113695
MIMAT0015003,107,0.27648578811369506
MIMAT0015001,368,0.9509043927648578
MIMAT0001630,367,0.9483204134366925
MIMAT0015008,204,0.5271317829457365
MIMAT0015009,181,0.46770025839793283
MIMAT0022282,379,0.979328165374677
MIMAT0022283,353,0.9121447028423773
MIMAT0022280,225,0.5813953488372093
MIMAT0022281,385,0.9948320413436692
MIMAT0022287,11,0.028423772609819122
MIMAT0022284,383,0.9896640826873385
MIMAT0022285,364,0.9405684754521964
MIMAT0022288,373,0.9638242894056848
MIMAT0022289,379,0.979328165374677
MIMAT0026737,375,0.9689922480620154
MIMAT0028109,377,0.9741602067183462
MIMAT0020958,358,0.9250645994832042
MIMAT0027525,329,0.8501291989664083
MIMAT0005584,94,0.24289405684754523
MIMAT0019738,128,0.330749354005168
MIMAT0019739,248,0.6408268733850129
MIMAT0019734,378,0.9767441860465116
MIMAT0027520,368,0.9509043927648578
MIMAT0019737,193,0.49870801033591733
MIMAT0019730,375,0.9689922480620154
MIMAT0019731,2,0.00516795865633075
MIMAT0019732,386,0.9974160206718347
MIMAT0019733,376,0.9715762273901809
MIMAT0005580,275,0.710594315245478
MIMAT0018005,384,0.9922480620155039
MIMAT0018004,262,0.6770025839793282
MIMAT0018006,378,0.9767441860465116
MIMAT0018001,280,0.7235142118863049
MIMAT0018000,58,0.14987080103359174
MIMAT0018003,375,0.9689922480620154
MIMAT0018002,385,0.9948320413436692
MIMAT0004960,377,0.9741602067183462
MIMAT0001545,0,0.0
MIMAT0001541,247,0.6382428940568475
MIMAT0019846,343,0.8863049095607235
MIMAT0019847,268,0.6925064599483204
MIMAT0019844,327,0.8449612403100775
MIMAT0019845,219,0.5658914728682171
MIMAT0019842,369,0.9534883720930233
MIMAT0019843,373,0.9638242894056848
MIMAT0019840,384,0.9922480620155039
MIMAT0019841,94,0.24289405684754523
MIMAT0019848,373,0.9638242894056848
MIMAT0019849,306,0.7906976744186046
MIMAT0019198,382,0.9870801033591732
MIMAT0019199,378,0.9767441860465116
MIMAT0019197,381,0.9844961240310077
MIMAT0003330,32,0.082687338501292
MIMAT0000703,0,0.0
MIMAT0000707,7,0.01808785529715762
MIMAT0000705,0,0.0
MIMAT0021079,372,0.9612403100775194
MIMAT0027595,385,0.9948320413436692
MIMAT0027594,335,0.8656330749354005
MIMAT0027597,374,0.9664082687338501
MIMAT0027596,378,0.9767441860465116
MIMAT0027591,372,0.9612403100775194
MIMAT0027590,378,0.9767441860465116
MIMAT0020299,378,0.9767441860465116
MIMAT0027592,359,0.9276485788113695
MIMAT0027599,364,0.9405684754521964
MIMAT0027598,375,0.9689922480620154
MIMAT0018985,385,0.9948320413436692
MIMAT0027041,367,0.9483204134366925
MIMAT0000459,0,0.0
MIMAT0000458,0,0.0
MIMAT0000457,2,0.00516795865633075
MIMAT0000456,0,0.0
MIMAT0000455,0,0.0
MIMAT0000454,109,0.28165374677002586
MIMAT0000453,15,0.03875968992248062
MIMAT0000452,9,0.023255813953488372
MIMAT0000451,0,0.0
MIMAT0000450,0,0.0
MIMAT0019219,231,0.5968992248062015
MIMAT0019218,212,0.5478036175710594
MIMAT0019213,382,0.9870801033591732
MIMAT0019212,379,0.979328165374677
MIMAT0019211,234,0.6046511627906976
MIMAT0019210,191,0.4935400516795866
MIMAT0019217,360,0.9302325581395349
MIMAT0019216,276,0.7131782945736435
MIMAT0019215,372,0.9612403100775194
MIMAT0019214,100,0.25839793281653745
MIMAT0015011,384,0.9922480620155039
MIMAT0015010,385,0.9948320413436692
MIMAT0015013,382,0.9870801033591732
MIMAT0015012,299,0.772609819121447
MIMAT0015015,284,0.7338501291989664
MIMAT0015014,378,0.9767441860465116
MIMAT0015017,378,0.9767441860465116
MIMAT0015016,317,0.8191214470284238
MIMAT0015019,384,0.9922480620155039
MIMAT0015018,329,0.8501291989664083
MIMAT0026606,107,0.27648578811369506
MIMAT0026607,306,0.7906976744186046
MIMAT0004807,340,0.8785529715762274
MIMAT0022299,385,0.9948320413436692
MIMAT0022298,272,0.7028423772609819
MIMAT0022295,337,0.8708010335917312
MIMAT0022294,351,0.9069767441860465
MIMAT0022297,269,0.6950904392764858
MIMAT0022296,266,0.6873385012919897
MIMAT0022290,380,0.9819121447028424
MIMAT0022293,268,0.6925064599483204
MIMAT0022292,161,0.4160206718346253
MIMAT0022728,382,0.9870801033591732
MIMAT0022946,377,0.9741602067183462
MIMAT0022727,0,0.0
MIMAT0022726,1,0.002583979328165375
MIMAT0022721,10,0.025839793281653745
MIMAT0022720,173,0.4470284237726098
MIMAT0022707,325,0.8397932816537468
MIMAT0004485,2,0.00516795865633075
MIMAT0004486,1,0.002583979328165375
MIMAT0003150,0,0.0
MIMAT0022501,384,0.9922480620155039
MIMAT0022500,137,0.35400516795865633
MIMAT0022502,345,0.8914728682170543
MIMAT0022702,366,0.9457364341085271
MIMAT0022701,384,0.9922480620155039
MIMAT0018928,378,0.9767441860465116
MIMAT0018929,382,0.9870801033591732
MIMAT0016895,0,0.0
MIMAT0018926,48,0.12403100775193798
MIMAT0018927,385,0.9948320413436692
MIMAT0018925,266,0.6873385012919897
MIMAT0019729,8,0.020671834625323
MIMAT0019728,81,0.20930232558139536
MIMAT0019727,339,0.875968992248062
MIMAT0019726,333,0.8604651162790697
MIMAT0019725,231,0.5968992248062015
MIMAT0019724,276,0.7131782945736435
MIMAT0019723,384,0.9922480620155039
MIMAT0019722,382,0.9870801033591732
MIMAT0019721,375,0.9689922480620154
MIMAT0019720,306,0.7906976744186046
MIMAT0018078,384,0.9922480620155039
MIMAT0018070,372,0.9612403100775194
MIMAT0018071,38,0.09819121447028424
MIMAT0018072,232,0.599483204134367
MIMAT0018073,5,0.012919896640826873
MIMAT0018074,261,0.6744186046511628
MIMAT0018075,281,0.7260981912144703
MIMAT0018076,376,0.9715762273901809
MIMAT0018077,363,0.937984496124031
MIMAT0021081,369,0.9534883720930233
MIMAT0021080,359,0.9276485788113695
MIMAT0021083,151,0.39018087855297157
MIMAT0021082,208,0.537467700258398
MIMAT0021085,386,0.9974160206718347
MIMAT0021084,371,0.958656330749354
MIMAT0021086,286,0.7390180878552972
MIMAT0002172,35,0.09043927648578812
MIMAT0002173,40,0.10335917312661498
MIMAT0002170,363,0.937984496124031
MIMAT0002171,1,0.002583979328165375
MIMAT0002176,3,0.007751937984496124
MIMAT0002177,0,0.0
MIMAT0002174,0,0.0
MIMAT0002175,147,0.3798449612403101
MIMAT0002178,105,0.2713178294573643
MIMAT0018104,235,0.6072351421188631
MIMAT0019982,268,0.6925064599483204
MIMAT0019981,268,0.6925064599483204
MIMAT0018107,136,0.35142118863049093
MIMAT0018101,4,0.0103359173126615
MIMAT0018102,191,0.4935400516795866
MIMAT0018103,295,0.7622739018087855
MIMAT0018108,341,0.8811369509043928
MIMAT0018109,385,0.9948320413436692
MIMAT0005876,353,0.9121447028423773
MIMAT0005877,353,0.9121447028423773
MIMAT0005874,73,0.18863049095607234
MIMAT0005875,107,0.27648578811369506
MIMAT0005878,0,0.0
MIMAT0005879,377,0.9741602067183462
MIMAT0019851,382,0.9870801033591732
MIMAT0019850,37,0.09560723514211886
MIMAT0019853,363,0.937984496124031
MIMAT0019852,371,0.958656330749354
MIMAT0019855,341,0.8811369509043928
MIMAT0019854,362,0.9354005167958657
MIMAT0019857,318,0.8217054263565892
MIMAT0019856,229,0.5917312661498708
MIMAT0019859,347,0.896640826873385
MIMAT0019858,315,0.813953488372093
MIMAT0022833,135,0.3488372093023256
MIMAT0015036,371,0.958656330749354
MIMAT0000736,0,0.0
MIMAT0000737,0,0.0
MIMAT0000734,66,0.17054263565891473
MIMAT0000735,204,0.5271317829457365
MIMAT0000732,0,0.0
MIMAT0000733,0,0.0
MIMAT0000730,24,0.06201550387596899
MIMAT0000731,0,0.0
MIMAT0000738,154,0.3979328165374677
MIMAT0010251,361,0.9328165374677002
MIMAT0000280,0,0.0
MIMAT0000281,0,0.0
MIMAT0002828,374,0.9664082687338501
MIMAT0002829,378,0.9767441860465116
MIMAT0022939,361,0.9328165374677002
MIMAT0002824,366,0.9457364341085271
MIMAT0002825,363,0.937984496124031
MIMAT0002826,350,0.9043927648578811
MIMAT0002827,353,0.9121447028423773
MIMAT0002820,0,0.0
MIMAT0002821,0,0.0
MIMAT0002822,354,0.9147286821705426
MIMAT0002823,266,0.6873385012919897
MIMAT0027690,373,0.9638242894056848
MIMAT0027691,314,0.8113695090439277
MIMAT0027454,205,0.5297157622739018
MIMAT0027455,365,0.9431524547803618
MIMAT0027456,385,0.9948320413436692
MIMAT0027457,379,0.979328165374677
MIMAT0027103,109,0.28165374677002586
MIMAT0027452,345,0.8914728682170543
MIMAT0027453,372,0.9612403100775194
MIMAT0027458,277,0.7157622739018088
MIMAT0027459,363,0.937984496124031
MIMAT0004703,0,0.0
MIMAT0004702,1,0.002583979328165375
MIMAT0004701,1,0.002583979328165375
MIMAT0004700,3,0.007751937984496124
MIMAT0000462,153,0.3953488372093023
MIMAT0027675,320,0.8268733850129198
MIMAT0000460,0,0.0
MIMAT0000461,0,0.0
MIMAT0027670,363,0.937984496124031
MIMAT0027671,308,0.7958656330749354
MIMAT0027672,373,0.9638242894056848
MIMAT0027673,340,0.8785529715762274
MIMAT0025473,343,0.8863049095607235
MIMAT0000510,0,0.0
MIMAT0019226,369,0.9534883720930233
MIMAT0019227,362,0.9354005167958657
MIMAT0019224,366,0.9457364341085271
MIMAT0019225,260,0.6718346253229974
MIMAT0019222,377,0.9741602067183462
MIMAT0019223,383,0.9896640826873385
MIMAT0019220,265,0.6847545219638242
MIMAT0019221,36,0.09302325581395349
MIMAT0019228,360,0.9302325581395349
MIMAT0019229,116,0.2997416020671835
MIMAT0003948,316,0.8165374677002584
MIMAT0003945,233,0.6020671834625323
MIMAT0031181,384,0.9922480620155039
MIMAT0031180,376,0.9715762273901809
MIMAT0015378,0,0.0
MIMAT0015377,309,0.7984496124031008
MIMAT0003386,27,0.06976744186046512
MIMAT0003385,343,0.8863049095607235
MIMAT0022978,368,0.9509043927648578
MIMAT0022979,374,0.9664082687338501
MIMAT0022975,4,0.0103359173126615
MIMAT0022977,375,0.9689922480620154
MIMAT0003389,0,0.0
MIMAT0018979,370,0.9560723514211886
MIMAT0003164,379,0.979328165374677
MIMAT0003165,261,0.6744186046511628
MIMAT0003163,2,0.00516795865633075
MIMAT0003161,1,0.002583979328165375
MIMAT0031074,329,0.8501291989664083
MIMAT0018935,372,0.9612403100775194
MIMAT0018934,385,0.9948320413436692
MIMAT0018937,332,0.8578811369509044
MIMAT0018936,338,0.8733850129198967
MIMAT0018933,376,0.9715762273901809
MIMAT0016884,375,0.9689922480620154
MIMAT0016888,26,0.06718346253229975
MIMAT0018939,377,0.9741602067183462
MIMAT0018938,383,0.9896640826873385
MIMAT0028125,352,0.9095607235142119
MIMAT0028124,377,0.9741602067183462
MIMAT0028126,356,0.9198966408268734
MIMAT0028120,360,0.9302325581395349
MIMAT0028123,327,0.8449612403100775
MIMAT0028122,241,0.6227390180878553
MIMAT0019718,379,0.979328165374677
MIMAT0019719,354,0.9147286821705426
MIMAT0019712,259,0.6692506459948321
MIMAT0019710,322,0.8320413436692506
MIMAT0019711,371,0.958656330749354
MIMAT0019716,197,0.5090439276485789
MIMAT0019717,353,0.9121447028423773
MIMAT0019714,382,0.9870801033591732
MIMAT0019715,336,0.8682170542635659
MIMAT0019060,246,0.6356589147286822
MIMAT0018069,379,0.979328165374677
MIMAT0018068,93,0.24031007751937986
MIMAT0019061,267,0.689922480620155
MIMAT0018065,315,0.813953488372093
MIMAT0019065,373,0.9638242894056848
MIMAT0019983,376,0.9715762273901809
MIMAT0004918,371,0.958656330749354
MIMAT0018105,306,0.7906976744186046
MIMAT0019067,377,0.9741602067183462
MIMAT0009451,0,0.0
MIMAT0004916,355,0.917312661498708
MIMAT0015080,345,0.8914728682170543
MIMAT0007399,285,0.7364341085271318
MIMAT0019985,335,0.8656330749354005
MIMAT0018445,366,0.9457364341085271
MIMAT0018444,373,0.9638242894056848
MIMAT0018115,101,0.26098191214470284
MIMAT0018113,366,0.9457364341085271
MIMAT0018112,146,0.3772609819121447
MIMAT0018443,332,0.8578811369509044
MIMAT0018110,26,0.06718346253229975
MIMAT0018119,90,0.23255813953488372
MIMAT0019888,373,0.9638242894056848
MIMAT0019889,344,0.8888888888888888
MIMAT0000104,0,0.0
MIMAT0019882,380,0.9819121447028424
MIMAT0019883,365,0.9431524547803618
MIMAT0019880,7,0.01808785529715762
MIMAT0019886,361,0.9328165374677002
MIMAT0019887,378,0.9767441860465116
MIMAT0019884,352,0.9095607235142119
MIMAT0019885,331,0.8552971576227391
MIMAT0000721,2,0.00516795865633075
MIMAT0000720,0,0.0
MIMAT0000723,344,0.8888888888888888
MIMAT0000722,3,0.007751937984496124
MIMAT0000725,376,0.9715762273901809
MIMAT0000724,214,0.5529715762273901
MIMAT0000727,0,0.0
MIMAT0000726,302,0.7803617571059431
MIMAT0000729,73,0.18863049095607234
MIMAT0000728,0,0.0
MIMAT0019082,385,0.9948320413436692
MIMAT0019080,383,0.9896640826873385
MIMAT0019081,385,0.9948320413436692
MIMAT0002839,362,0.9354005167958657
MIMAT0002838,328,0.8475452196382429
MIMAT0002837,369,0.9534883720930233
MIMAT0002836,371,0.958656330749354
MIMAT0002835,256,0.661498708010336
MIMAT0002834,304,0.7855297157622739
MIMAT0002833,332,0.8578811369509044
MIMAT0002832,351,0.9069767441860465
MIMAT0002830,337,0.8708010335917312
MIMAT0027681,386,0.9974160206718347
MIMAT0027680,372,0.9612403100775194
MIMAT0027683,365,0.9431524547803618
MIMAT0027682,216,0.5581395348837209
MIMAT0027685,383,0.9896640826873385
MIMAT0027684,20,0.05167958656330749
MIMAT0027687,377,0.9741602067183462
MIMAT0027686,384,0.9922480620155039
MIMAT0027689,319,0.8242894056847545
MIMAT0027688,337,0.8708010335917312
MIMAT0000617,0,0.0
MIMAT0027447,367,0.9483204134366925
MIMAT0027446,344,0.8888888888888888
MIMAT0027445,311,0.8036175710594315
MIMAT0027444,380,0.9819121447028424
MIMAT0027443,382,0.9870801033591732
MIMAT0027442,370,0.9560723514211886
MIMAT0027441,380,0.9819121447028424
MIMAT0027449,283,0.7312661498708011
MIMAT0027448,367,0.9483204134366925
MIMAT0027669,358,0.9250645994832042
MIMAT0027668,302,0.7803617571059431
MIMAT0027667,350,0.9043927648578811
MIMAT0027666,386,0.9974160206718347
MIMAT0027665,299,0.772609819121447
MIMAT0027664,324,0.8372093023255814
MIMAT0030021,23,0.059431524547803614
MIMAT0030020,27,0.06976744186046512
MIMAT0027661,363,0.937984496124031
MIMAT0027660,381,0.9844961240310077
MIMAT0022984,383,0.9896640826873385
MIMAT0026640,359,0.9276485788113695
MIMAT0026641,368,0.9509043927648578
MIMAT0009206,379,0.979328165374677
MIMAT0009201,206,0.5322997416020672
MIMAT0009203,356,0.9198966408268734
MIMAT0003885,0,0.0
MIMAT0003884,49,0.12661498708010335
MIMAT0003887,20,0.05167958656330749
MIMAT0003886,0,0.0
MIMAT0003881,278,0.7183462532299741
MIMAT0003880,0,0.0
MIMAT0004608,196,0.5064599483204134
MIMAT0003882,129,0.3333333333333333
MIMAT0004606,1,0.002583979328165375
MIMAT0004607,289,0.7467700258397932
MIMAT0004604,0,0.0
MIMAT0004605,147,0.3798449612403101
MIMAT0004602,9,0.023255813953488372
MIMAT0004603,7,0.01808785529715762
MIMAT0004600,0,0.0
MIMAT0004601,0,0.0
MIMAT0019231,348,0.8992248062015504
MIMAT0019230,350,0.9043927648578811
MIMAT0019233,371,0.958656330749354
MIMAT0019232,273,0.7054263565891473
MIMAT0019235,381,0.9844961240310077
MIMAT0019234,372,0.9612403100775194
MIMAT0019236,378,0.9767441860465116
MIMAT0019751,350,0.9043927648578811
MIMAT0016916,288,0.7441860465116279
MIMAT0001638,1,0.002583979328165375
MIMAT0004284,272,0.7028423772609819
MIMAT0002850,372,0.9612403100775194
MIMAT0004518,0,0.0
MIMAT0004512,206,0.5322997416020672
MIMAT0004513,1,0.002583979328165375
MIMAT0004510,257,0.6640826873385013
MIMAT0004511,46,0.11886304909560723
MIMAT0004516,312,0.8062015503875969
MIMAT0004517,298,0.7700258397932817
MIMAT0004514,4,0.0103359173126615
MIMAT0004515,0,0.0
MIMAT0003393,0,0.0
MIMAT0005908,332,0.8578811369509044
MIMAT0022967,315,0.813953488372093
MIMAT0022966,326,0.8423772609819121
MIMAT0022741,379,0.979328165374677
MIMAT0025485,296,0.7648578811369509
MIMAT0004686,386,0.9974160206718347
MIMAT0026625,182,0.4702842377260982
MIMAT0018940,359,0.9276485788113695
MIMAT0018941,370,0.9560723514211886
MIMAT0018942,370,0.9560723514211886
MIMAT0018943,383,0.9896640826873385
MIMAT0018944,360,0.9302325581395349
MIMAT0018947,304,0.7855297157622739
MIMAT0018948,386,0.9974160206718347
MIMAT0018949,359,0.9276485788113695
MIMAT0004683,1,0.002583979328165375
MIMAT0026623,186,0.4806201550387597
MIMAT0027427,383,0.9896640826873385
MIMAT0027426,302,0.7803617571059431
MIMAT0019705,361,0.9328165374677002
MIMAT0019704,382,0.9870801033591732
MIMAT0019707,355,0.917312661498708
MIMAT0019706,149,0.3850129198966408
MIMAT0019701,366,0.9457364341085271
MIMAT0019700,277,0.7157622739018088
MIMAT0019703,372,0.9612403100775194
MIMAT0019702,373,0.9638242894056848
MIMAT0019709,291,0.751937984496124
MIMAT0019708,346,0.8940568475452196
MIMAT0007892,383,0.9896640826873385
MIMAT0007890,358,0.9250645994832042
MIMAT0007891,372,0.9612403100775194
MIMAT0018122,364,0.9405684754521964
MIMAT0018120,129,0.3333333333333333
MIMAT0018121,382,0.9870801033591732
MIMAT0019895,325,0.8397932816537468
MIMAT0019894,270,0.6976744186046512
MIMAT0019897,368,0.9509043927648578
MIMAT0019896,265,0.6847545219638242
MIMAT0019891,342,0.8837209302325582
MIMAT0019890,301,0.7777777777777778
MIMAT0019893,362,0.9354005167958657
MIMAT0019892,337,0.8708010335917312
MIMAT0019899,362,0.9354005167958657
MIMAT0019898,380,0.9819121447028424
MIMAT0005924,58,0.14987080103359174
MIMAT0005925,386,0.9974160206718347
MIMAT0005926,386,0.9974160206718347
MIMAT0005920,0,0.0
MIMAT0005921,370,0.9560723514211886
MIMAT0005923,156,0.40310077519379844
MIMAT0005929,195,0.5038759689922481
MIMAT0021045,386,0.9974160206718347
MIMAT0021044,39,0.10077519379844961
MIMAT0021041,298,0.7700258397932817
MIMAT0021040,328,0.8475452196382429
MIMAT0021043,319,0.8242894056847545
MIMAT0021042,385,0.9948320413436692
MIMAT0000264,0,0.0
MIMAT0000265,36,0.09302325581395349
MIMAT0000266,96,0.24806201550387597
MIMAT0000267,0,0.0
MIMAT0000260,298,0.7700258397932817
MIMAT0000261,0,0.0
MIMAT0000262,52,0.1343669250645995
MIMAT0000263,0,0.0
MIMAT0000268,318,0.8217054263565892
MIMAT0000269,0,0.0
MIMAT0002808,0,0.0
MIMAT0002809,0,0.0
MIMAT0002806,71,0.1834625322997416
MIMAT0002807,23,0.059431524547803614
MIMAT0002804,322,0.8320413436692506
MIMAT0002805,223,0.5762273901808785
MIMAT0027472,384,0.9922480620155039
MIMAT0027473,335,0.8656330749354005
MIMAT0027470,362,0.9354005167958657
MIMAT0027471,375,0.9689922480620154
MIMAT0027476,355,0.917312661498708
MIMAT0027477,306,0.7906976744186046
MIMAT0027474,364,0.9405684754521964
MIMAT0027475,364,0.9405684754521964
MIMAT0027478,369,0.9534883720930233
MIMAT0027479,362,0.9354005167958657
MIMAT0027658,384,0.9922480620155039
MIMAT0027659,242,0.6253229974160207
MIMAT0027652,384,0.9922480620155039
MIMAT0027653,377,0.9741602067183462
MIMAT0027650,224,0.5788113695090439
MIMAT0027651,362,0.9354005167958657
MIMAT0027656,358,0.9250645994832042
MIMAT0027657,381,0.9844961240310077
MIMAT0027654,170,0.4392764857881137
MIMAT0027655,380,0.9819121447028424
MIMAT0025858,378,0.9767441860465116
MIMAT0000066,0,0.0
MIMAT0000067,0,0.0
MIMAT0000064,0,0.0
MIMAT0000065,0,0.0
MIMAT0000062,0,0.0
MIMAT0000063,0,0.0
MIMAT0000068,0,0.0
MIMAT0000069,0,0.0
MIMAT0000318,0,0.0
MIMAT0004611,2,0.00516795865633075
MIMAT0004610,25,0.06459948320413436
MIMAT0004613,51,0.13178294573643412
MIMAT0004612,197,0.5090439276485789
MIMAT0004615,4,0.0103359173126615
MIMAT0004614,0,0.0
MIMAT0000088,0,0.0
MIMAT0000089,18,0.046511627906976744
MIMAT0000084,0,0.0
MIMAT0000085,0,0.0
MIMAT0000086,0,0.0
MIMAT0000087,0,0.0
MIMAT0000080,0,0.0
MIMAT0000081,0,0.0
MIMAT0000082,0,0.0
MIMAT0000083,0,0.0
MIMAT0004505,25,0.06459948320413436
MIMAT0004504,20,0.05167958656330749
MIMAT0004507,4,0.0103359173126615
MIMAT0004506,13,0.03359173126614987
MIMAT0004501,0,0.0
MIMAT0004500,0,0.0
MIMAT0004503,0,0.0
MIMAT0004502,0,0.0
MIMAT0029782,182,0.4702842377260982
MIMAT0004509,0,0.0
MIMAT0004508,373,0.9638242894056848
MIMAT0014979,74,0.19121447028423771
MIMAT0014978,334,0.8630490956072352
MIMAT0014977,344,0.8888888888888888
MIMAT0027451,346,0.8940568475452196
MIMAT0003180,2,0.00516795865633075
MIMAT0031095,386,0.9974160206718347
MIMAT0003340,17,0.04392764857881137
MIMAT0018953,377,0.9741602067183462
MIMAT0018952,384,0.9922480620155039
MIMAT0018951,296,0.7648578811369509
MIMAT0018950,273,0.7054263565891473
MIMAT0018957,386,0.9974160206718347
MIMAT0018958,386,0.9974160206718347
MIMAT0023709,376,0.9715762273901809
MIMAT0030429,215,0.5555555555555556
MIMAT0030428,385,0.9948320413436692
MIMAT0027678,382,0.9870801033591732
MIMAT0027679,369,0.9534883720930233
MIMAT0026921,321,0.8294573643410853
MIMAT0023701,386,0.9974160206718347
MIMAT0019770,294,0.7596899224806202
MIMAT0019771,373,0.9638242894056848
MIMAT0019772,183,0.4728682170542636
MIMAT0019773,382,0.9870801033591732
MIMAT0019774,353,0.9121447028423773
MIMAT0019775,339,0.875968992248062
MIMAT0019776,94,0.24289405684754523
MIMAT0019777,374,0.9664082687338501
MIMAT0019778,366,0.9457364341085271
MIMAT0019779,355,0.917312661498708
MIMAT0027676,379,0.979328165374677
MIMAT0007889,296,0.7648578811369509
MIMAT0007888,358,0.9250645994832042
MIMAT0027677,304,0.7855297157622739
MIMAT0007881,375,0.9689922480620154
MIMAT0007883,379,0.979328165374677
MIMAT0007882,361,0.9328165374677002
MIMAT0007885,269,0.6950904392764858
MIMAT0007884,320,0.8268733850129198
MIMAT0007887,372,0.9612403100775194
MIMAT0007886,377,0.9741602067183462
MIMAT0030427,386,0.9974160206718347
MIMAT0030426,356,0.9198966408268734
MIMAT0007401,384,0.9922480620155039
MIMAT0007400,224,0.5788113695090439
MIMAT0027429,348,0.8992248062015504
MIMAT0019954,81,0.20930232558139536
MIMAT0019955,245,0.6330749354005168
MIMAT0019956,379,0.979328165374677
MIMAT0019957,134,0.3462532299741602
MIMAT0019950,345,0.8914728682170543
MIMAT0019951,355,0.917312661498708
MIMAT0019952,374,0.9664082687338501
MIMAT0019958,212,0.5478036175710594
MIMAT0019959,385,0.9948320413436692
MIMAT0005800,355,0.917312661498708
MIMAT0019009,369,0.9534883720930233
MIMAT0005936,314,0.8113695090439277
MIMAT0005933,53,0.13695090439276486
MIMAT0005930,188,0.48578811369509045
MIMAT0028215,357,0.9224806201550387
MIMAT0028214,356,0.9198966408268734
MIMAT0028213,349,0.9018087855297158
MIMAT0028212,299,0.772609819121447
MIMAT0005939,383,0.9896640826873385
MIMAT0021030,378,0.9767441860465116
MIMAT0021033,381,0.9844961240310077
MIMAT0021034,361,0.9328165374677002
MIMAT0021035,383,0.9896640826873385
MIMAT0021037,382,0.9870801033591732
MIMAT0021039,365,0.9431524547803618
MIMAT0000276,32,0.082687338501292
MIMAT0000275,0,0.0
MIMAT0000274,1,0.002583979328165375
MIMAT0000273,62,0.16020671834625322
MIMAT0000272,0,0.0
MIMAT0000271,3,0.007751937984496124
MIMAT0000270,0,0.0
MIMAT0000279,0,0.0
MIMAT0000278,0,0.0
MIMAT0002815,338,0.8733850129198967
MIMAT0002814,1,0.002583979328165375
MIMAT0002817,1,0.002583979328165375
MIMAT0002816,45,0.11627906976744186
MIMAT0002811,340,0.8785529715762274
MIMAT0002810,171,0.4418604651162791
MIMAT0002813,0,0.0
MIMAT0002812,361,0.9328165374677002
MIMAT0002819,0,0.0
MIMAT0002818,21,0.05426356589147287
MIMAT0027469,330,0.8527131782945736
MIMAT0027468,381,0.9844961240310077
MIMAT0027465,352,0.9095607235142119
MIMAT0027464,382,0.9870801033591732
MIMAT0027467,172,0.4444444444444444
MIMAT0027466,326,0.8423772609819121
MIMAT0027461,377,0.9741602067183462
MIMAT0027460,364,0.9405684754521964
MIMAT0027463,233,0.6020671834625323
MIMAT0027462,371,0.958656330749354
MIMAT0027645,383,0.9896640826873385
MIMAT0027644,377,0.9741602067183462
MIMAT0027647,347,0.896640826873385
MIMAT0027646,381,0.9844961240310077
MIMAT0027641,316,0.8165374677002584
MIMAT0000416,0,0.0
MIMAT0027643,371,0.958656330749354
MIMAT0027642,333,0.8604651162790697
MIMAT0000419,0,0.0
MIMAT0000418,0,0.0
MIMAT0027649,207,0.5348837209302325
MIMAT0027648,342,0.8837209302325582
MIMAT0027601,380,0.9819121447028424
MIMAT0010133,15,0.03875968992248062
MIMAT0028231,386,0.9974160206718347
MIMAT0028230,383,0.9896640826873385
MIMAT0018083,94,0.24289405684754523
MIMAT0027605,382,0.9870801033591732
MIMAT0021019,341,0.8811369509043928
MIMAT0027356,372,0.9612403100775194
MIMAT0000071,0,0.0
MIMAT0000070,0,0.0
MIMAT0000073,0,0.0
MIMAT0000072,0,0.0
MIMAT0000075,0,0.0
MIMAT0000074,0,0.0
MIMAT0000077,0,0.0
MIMAT0000076,0,0.0
MIMAT0000079,0,0.0
MIMAT0000078,0,0.0
MIMAT0027606,387,1.0
MIMAT0000099,0,0.0
MIMAT0000098,0,0.0
MIMAT0000097,0,0.0
MIMAT0000096,0,0.0
MIMAT0000095,0,0.0
MIMAT0000094,6,0.015503875968992248
MIMAT0000093,0,0.0
MIMAT0000092,0,0.0
MIMAT0000091,0,0.0
MIMAT0000090,0,0.0
MIMAT0004978,11,0.028423772609819122
MIMAT0004979,383,0.9896640826873385
MIMAT0004751,294,0.7596899224806202
MIMAT0004752,147,0.3798449612403101
MIMAT0004977,224,0.5788113695090439
MIMAT0004972,383,0.9896640826873385
MIMAT0004757,0,0.0
MIMAT0022303,358,0.9250645994832042
MIMAT0022300,384,0.9922480620155039
MIMAT0004570,7,0.01808785529715762
MIMAT0004571,0,0.0
MIMAT0022945,368,0.9509043927648578
MIMAT0011156,196,0.5064599483204134
MIMAT0011157,286,0.7390180878552972
MIMAT0022941,386,0.9974160206718347
MIMAT0022940,386,0.9974160206718347
MIMAT0022942,336,0.8682170542635659
MIMAT0011158,294,0.7596899224806202
MIMAT0022948,339,0.875968992248062
MIMAT0022268,385,0.9948320413436692
MIMAT0018968,140,0.36175710594315247
MIMAT0018969,371,0.958656330749354
MIMAT0018967,378,0.9767441860465116
MIMAT0018965,247,0.6382428940568475
MIMAT0018962,41,0.10594315245478036
MIMAT0018963,375,0.9689922480620154
MIMAT0018960,209,0.5400516795865633
MIMAT0018961,182,0.4702842377260982
MIMAT0026916,349,0.9018087855297158
MIMAT0026917,354,0.9147286821705426
MIMAT0019763,336,0.8682170542635659
MIMAT0019762,359,0.9276485788113695
MIMAT0019761,0,0.0
MIMAT0019760,135,0.3488372093023256
MIMAT0019767,379,0.979328165374677
MIMAT0019766,379,0.979328165374677
MIMAT0019765,330,0.8527131782945736
MIMAT0019764,291,0.751937984496124
MIMAT0019769,285,0.7364341085271318
MIMAT0019768,244,0.6304909560723514
MIMAT0018082,373,0.9638242894056848
MIMAT0025486,304,0.7855297157622739
MIMAT0019947,381,0.9844961240310077
MIMAT0019946,384,0.9922480620155039
MIMAT0019945,378,0.9767441860465116
MIMAT0019944,320,0.8268733850129198
MIMAT0019943,153,0.3953488372093023
MIMAT0019942,365,0.9431524547803618
MIMAT0019941,356,0.9198966408268734
MIMAT0019940,369,0.9534883720930233
MIMAT0019949,302,0.7803617571059431
MIMAT0019948,198,0.5116279069767442
MIMAT0022273,358,0.9250645994832042
MIMAT0025475,355,0.917312661498708
MIMAT0025476,385,0.9948320413436692
MIMAT0020300,383,0.9896640826873385
MIMAT0025477,199,0.5142118863049095
MIMAT0025470,301,0.7777777777777778
MIMAT0025471,377,0.9741602067183462
MIMAT0005902,273,0.7054263565891473
MIMAT0005903,238,0.6149870801033591
MIMAT0005900,143,0.3695090439276486
MIMAT0005901,22,0.056847545219638244
MIMAT0005906,282,0.7286821705426356
MIMAT0022275,367,0.9483204134366925
MIMAT0005904,385,0.9948320413436692
MIMAT0005905,54,0.13953488372093023
MIMAT0028222,127,0.3281653746770026
MIMAT0028223,386,0.9974160206718347
MIMAT0028220,323,0.834625322997416
MIMAT0028221,319,0.8242894056847545
MIMAT0028226,386,0.9974160206718347
MIMAT0028227,371,0.958656330749354
MIMAT0028224,385,0.9948320413436692
MIMAT0018095,386,0.9974160206718347
MIMAT0021023,273,0.7054263565891473
MIMAT0021022,142,0.3669250645994832
MIMAT0021021,114,0.29457364341085274
MIMAT0021020,19,0.04909560723514212
MIMAT0021026,191,0.4935400516795866
MIMAT0021025,368,0.9509043927648578
MIMAT0021024,360,0.9302325581395349
MIMAT0021028,384,0.9922480620155039
MIMAT0022279,382,0.9870801033591732
MIMAT0000242,15,0.03875968992248062
MIMAT0000243,0,0.0
MIMAT0022278,371,0.958656330749354
MIMAT0000244,0,0.0
MIMAT0000245,0,0.0
MIMAT0004981,332,0.8578811369509044
MIMAT0002861,333,0.8604651162790697
MIMAT0002862,340,0.8785529715762274
MIMAT0002863,341,0.8811369509043928
MIMAT0004985,0,0.0
MIMAT0004987,84,0.21705426356589147
MIMAT0002867,354,0.9147286821705426
MIMAT0002868,341,0.8811369509043928
MIMAT0002869,334,0.8630490956072352
MIMAT0000646,0,0.0
MIMAT0027419,384,0.9922480620155039
MIMAT0027410,37,0.09560723514211886
MIMAT0027411,385,0.9948320413436692
MIMAT0027412,385,0.9948320413436692
MIMAT0027413,351,0.9069767441860465
MIMAT0027414,364,0.9405684754521964
MIMAT0027415,375,0.9689922480620154
MIMAT0027416,374,0.9664082687338501
MIMAT0027417,345,0.8914728682170543
MIMAT0027630,378,0.9767441860465116
MIMAT0027631,376,0.9715762273901809
MIMAT0027632,379,0.979328165374677
MIMAT0027633,370,0.9560723514211886
MIMAT0027634,365,0.9431524547803618
MIMAT0027635,384,0.9922480620155039
MIMAT0027636,373,0.9638242894056848
MIMAT0027637,216,0.5581395348837209
MIMAT0027638,355,0.917312661498708
MIMAT0027639,379,0.979328165374677
MIMAT0004185,224,0.5788113695090439
MIMAT0018196,371,0.958656330749354
MIMAT0027524,365,0.9431524547803618
MIMAT0020959,218,0.5633074935400517
MIMAT0027526,361,0.9328165374677002
MIMAT0027527,325,0.8397932816537468
MIMAT0005582,97,0.25064599483204136
MIMAT0005583,76,0.19638242894056848
MIMAT0027522,373,0.9638242894056848
MIMAT0027523,377,0.9741602067183462
MIMAT0027528,377,0.9741602067183462
MIMAT0027529,324,0.8372093023255814
MIMAT0020956,348,0.8992248062015504
MIMAT0005589,296,0.7648578811369509
MIMAT0027628,383,0.9896640826873385
MIMAT0030412,382,0.9870801033591732
MIMAT0030413,321,0.8294573643410853
MIMAT0030414,330,0.8527131782945736
MIMAT0030416,326,0.8423772609819121
MIMAT0030417,153,0.3953488372093023
MIMAT0030418,189,0.4883720930232558
MIMAT0030419,270,0.6976744186046512
MIMAT0004749,4,0.0103359173126615
MIMAT0004748,0,0.0
MIMAT0000428,78,0.20155038759689922
MIMAT0000429,219,0.5658914728682171
MIMAT0000426,0,0.0
MIMAT0000427,2,0.00516795865633075
MIMAT0000424,0,0.0
MIMAT0000425,0,0.0
MIMAT0000422,290,0.7493540051679587
MIMAT0000423,0,0.0
MIMAT0000420,0,0.0
MIMAT0000421,223,0.5762273901808785
MIMAT0003214,129,0.3333333333333333
MIMAT0003215,96,0.24806201550387597
MIMAT0003218,0,0.0
MIMAT0003219,383,0.9896640826873385
MIMAT0004563,0,0.0
MIMAT0004562,274,0.7080103359173127
MIMAT0004561,343,0.8863049095607235
MIMAT0004560,77,0.19896640826873385
MIMAT0004567,2,0.00516795865633075
MIMAT0004566,362,0.9354005167958657
MIMAT0004565,145,0.37467700258397935
MIMAT0004564,0,0.0
MIMAT0004569,0,0.0
MIMAT0004568,20,0.05167958656330749
MIMAT0022691,300,0.7751937984496124
MIMAT0022693,344,0.8888888888888888
MIMAT0022938,334,0.8630490956072352
MIMAT0022695,98,0.2532299741602067
MIMAT0015072,271,0.7002583979328165
MIMAT0015071,165,0.4263565891472868
MIMAT0022696,10,0.025839793281653745
MIMAT0003320,380,0.9819121447028424
MIMAT0003321,8,0.020671834625323
MIMAT0003322,0,0.0
MIMAT0003323,143,0.3695090439276486
MIMAT0003324,384,0.9922480620155039
MIMAT0003325,334,0.8630490956072352
MIMAT0003326,227,0.58656330749354
MIMAT0003327,353,0.9121447028423773
MIMAT0003328,6,0.015503875968992248
MIMAT0003329,1,0.002583979328165375
MIMAT0016847,0,0.0
MIMAT0016846,386,0.9974160206718347
MIMAT0016844,386,0.9974160206718347
MIMAT0018971,383,0.9896640826873385
MIMAT0018973,373,0.9638242894056848
MIMAT0018972,372,0.9612403100775194
MIMAT0018975,239,0.6175710594315246
MIMAT0018976,288,0.7441860465116279
MIMAT0015079,345,0.8914728682170543
MIMAT0015088,378,0.9767441860465116
MIMAT0015089,356,0.9198966408268734
MIMAT0022844,235,0.6072351421188631
MIMAT0015087,329,0.8501291989664083
MIMAT0015084,64,0.165374677002584
MIMAT0015085,18,0.046511627906976744
MIMAT0015082,372,0.9612403100775194
MIMAT0015083,340,0.8785529715762274
MIMAT0022842,22,0.056847545219638244
MIMAT0015081,353,0.9121447028423773
MIMAT0028233,375,0.9689922480620154
MIMAT0005591,374,0.9664082687338501
MIMAT0019758,45,0.11627906976744186
MIMAT0019759,226,0.5839793281653747
MIMAT0019756,250,0.6459948320413437
MIMAT0019757,372,0.9612403100775194
MIMAT0019754,381,0.9844961240310077
MIMAT0019755,358,0.9250645994832042
MIMAT0019752,386,0.9974160206718347
MIMAT0019753,384,0.9922480620155039
MIMAT0019750,383,0.9896640826873385
MIMAT0031120,381,0.9844961240310077
MIMAT0027534,369,0.9534883720930233
MIMAT0000259,0,0.0
MIMAT0027539,374,0.9664082687338501
MIMAT0027538,370,0.9560723514211886
MIMAT0019972,381,0.9844961240310077
MIMAT0019973,117,0.3023255813953488
MIMAT0019970,278,0.7183462532299741
MIMAT0019971,382,0.9870801033591732
MIMAT0019976,356,0.9198966408268734
MIMAT0019977,385,0.9948320413436692
MIMAT0019974,381,0.9844961240310077
MIMAT0019975,383,0.9896640826873385
MIMAT0019978,341,0.8811369509043928
MIMAT0019979,344,0.8888888888888888
MIMAT0005823,387,1.0
MIMAT0005825,0,0.0
MIMAT0005824,212,0.5478036175710594
MIMAT0005827,382,0.9870801033591732
MIMAT0005826,256,0.661498708010336
MIMAT0017392,340,0.8785529715762274
MIMAT0005919,56,0.14470284237726097
MIMAT0005918,384,0.9922480620155039
MIMAT0005915,385,0.9948320413436692
MIMAT0005914,41,0.10594315245478036
MIMAT0005916,280,0.7235142118863049
MIMAT0005911,376,0.9715762273901809
MIMAT0018085,373,0.9638242894056848
MIMAT0018084,386,0.9974160206718347
MIMAT0018086,166,0.4289405684754522
MIMAT0018081,351,0.9069767441860465
MIMAT0018080,375,0.9689922480620154
MIMAT0021018,298,0.7700258397932817
MIMAT0028232,366,0.9457364341085271
MIMAT0021017,68,0.17571059431524547
MIMAT0018089,275,0.710594315245478
MIMAT0002882,386,0.9974160206718347
MIMAT0020541,384,0.9922480620155039
MIMAT0002873,8,0.020671834625323
MIMAT0002872,1,0.002583979328165375
MIMAT0002871,0,0.0
MIMAT0002870,188,0.48578811369509045
MIMAT0002877,336,0.8682170542635659
MIMAT0002876,0,0.0
MIMAT0002875,131,0.3385012919896641
MIMAT0002874,1,0.002583979328165375
MIMAT0002879,351,0.9069767441860465
MIMAT0002878,310,0.8010335917312662
MIMAT0027409,350,0.9043927648578811
MIMAT0027408,333,0.8604651162790697
MIMAT0027403,367,0.9483204134366925
MIMAT0027402,329,0.8501291989664083
MIMAT0027401,312,0.8062015503875969
MIMAT0027400,361,0.9328165374677002
MIMAT0027407,358,0.9250645994832042
MIMAT0027406,376,0.9715762273901809
MIMAT0027405,383,0.9896640826873385
MIMAT0027623,381,0.9844961240310077
MIMAT0027622,359,0.9276485788113695
MIMAT0027621,348,0.8992248062015504
MIMAT0027620,384,0.9922480620155039
MIMAT0027627,386,0.9974160206718347
MIMAT0027626,373,0.9638242894056848
MIMAT0027625,367,0.9483204134366925
MIMAT0027624,384,0.9922480620155039
MIMAT0027629,381,0.9844961240310077
MIMAT0018932,219,0.5658914728682171
MIMAT0027537,312,0.8062015503875969
MIMAT0027536,325,0.8397932816537468
MIMAT0005593,373,0.9638242894056848
MIMAT0005592,313,0.8087855297157622
MIMAT0027533,367,0.9483204134366925
MIMAT0000258,0,0.0
MIMAT0027531,247,0.6382428940568475
MIMAT0027530,276,0.7131782945736435
MIMAT0000255,0,0.0
MIMAT0000254,0,0.0
MIMAT0000257,0,0.0
MIMAT0000256,0,0.0
MIMAT0000251,379,0.979328165374677
MIMAT0000250,0,0.0
MIMAT0000253,0,0.0
MIMAT0000252,1,0.002583979328165375
MIMAT0005577,49,0.12661498708010335
MIMAT0005576,359,0.9276485788113695
MIMAT0005573,355,0.917312661498708
MIMAT0005572,367,0.9483204134366925
MIMAT0000439,20,0.05167958656330749
MIMAT0019028,386,0.9974160206718347
MIMAT0019029,358,0.9250645994832042
MIMAT0004777,378,0.9767441860465116
MIMAT0019024,374,0.9664082687338501
MIMAT0019026,116,0.2997416020671835
MIMAT0019027,321,0.8294573643410853
MIMAT0019021,354,0.9147286821705426
MIMAT0019022,372,0.9612403100775194
MIMAT0019023,373,0.9638242894056848
MIMAT0004776,1,0.002583979328165375
MIMAT0000438,0,0.0
MIMAT0004774,1,0.002583979328165375
MIMAT0004959,232,0.599483204134367
MIMAT0004772,270,0.6976744186046512
MIMAT0004773,0,0.0
MIMAT0004770,237,0.6124031007751938
MIMAT0004952,224,0.5788113695090439
MIMAT0000430,97,0.25064599483204136
MIMAT0000433,0,0.0
MIMAT0000432,0,0.0
MIMAT0000435,0,0.0
MIMAT0004957,65,0.16795865633074936
MIMAT0000437,0,0.0
MIMAT0000436,11,0.028423772609819122
MIMAT0004558,0,0.0
MIMAT0004559,0,0.0
MIMAT0004556,1,0.002583979328165375
MIMAT0004557,38,0.09819121447028424
MIMAT0004554,308,0.7958656330749354
MIMAT0004555,4,0.0103359173126615
MIMAT0004552,1,0.002583979328165375
MIMAT0004553,0,0.0
MIMAT0004550,0,0.0
MIMAT0004551,0,0.0
MIMAT0000431,0,0.0
MIMAT0004798,363,0.937984496124031
MIMAT0004799,0,0.0
MIMAT0004953,261,0.6744186046511628
MIMAT0004794,376,0.9715762273901809
MIMAT0004795,382,0.9870801033591732
MIMAT0004796,386,0.9974160206718347
MIMAT0004797,0,0.0
MIMAT0004950,196,0.5064599483204134
MIMAT0004792,65,0.16795865633074936
MIMAT0004793,100,0.25839793281653745
MIMAT0004951,4,0.0103359173126615
MIMAT0004956,16,0.041343669250646
MIMAT0000434,0,0.0
MIMAT0022923,92,0.23772609819121446
MIMAT0004954,28,0.07235142118863049
MIMAT0022925,81,0.20930232558139536
MIMAT0022924,202,0.5219638242894057
MIMAT0022929,3,0.007751937984496124
MIMAT0004955,0,0.0
MIMAT0026475,110,0.2842377260981912
MIMAT0026474,386,0.9974160206718347
MIMAT0026477,0,0.0
MIMAT0027640,381,0.9844961240310077
MIMAT0003333,276,0.7131782945736435
MIMAT0003332,80,0.20671834625322996
MIMAT0003331,8,0.020671834625323
MIMAT0026476,54,0.13953488372093023
MIMAT0003337,355,0.917312661498708
MIMAT0003336,220,0.5684754521963824
MIMAT0003335,385,0.9948320413436692
MIMAT0004493,1,0.002583979328165375
MIMAT0003339,5,0.012919896640826873
MIMAT0003338,0,0.0
MIMAT0022737,371,0.958656330749354
MIMAT0018984,383,0.9896640826873385
MIMAT0016873,386,0.9974160206718347
MIMAT0018980,386,0.9974160206718347
MIMAT0018981,386,0.9974160206718347
MIMAT0018982,381,0.9844961240310077
MIMAT0018983,106,0.2739018087855297
MIMAT0022735,380,0.9819121447028424
MIMAT0018988,383,0.9896640826873385
MIMAT0018989,333,0.8604651162790697
MIMAT0011778,313,0.8087855297157622
MIMAT0011775,273,0.7054263565891473
MIMAT0011777,204,0.5271317829457365
MIMAT0019749,359,0.9276485788113695
MIMAT0019748,106,0.2739018087855297
MIMAT0031119,384,0.9922480620155039
MIMAT0019741,352,0.9095607235142119
MIMAT0019743,360,0.9302325581395349
MIMAT0019742,386,0.9974160206718347
MIMAT0019745,386,0.9974160206718347
MIMAT0019744,345,0.8914728682170543
MIMAT0019747,248,0.6408268733850129
MIMAT0019746,17,0.04392764857881137
MIMAT0019205,302,0.7803617571059431
MIMAT0012735,378,0.9767441860465116
MIMAT0018360,115,0.2971576227390181
MIMAT0018361,385,0.9948320413436692
MIMAT0004490,301,0.7777777777777778
MIMAT0013518,380,0.9819121447028424
MIMAT0013516,363,0.937984496124031
MIMAT0013517,376,0.9715762273901809
MIMAT0013515,370,0.9560723514211886
MIMAT0026744,369,0.9534883720930233
MIMAT0016858,326,0.8423772609819121
MIMAT0019969,298,0.7700258397932817
MIMAT0019968,382,0.9870801033591732
MIMAT0019965,384,0.9922480620155039
MIMAT0019964,354,0.9147286821705426
MIMAT0019967,383,0.9896640826873385
MIMAT0019966,312,0.8062015503875969
MIMAT0019961,356,0.9198966408268734
MIMAT0019960,322,0.8320413436692506
MIMAT0019963,137,0.35400516795865633
MIMAT0019962,348,0.8992248062015504
MIMAT0002848,348,0.8992248062015504
MIMAT0002849,368,0.9509043927648578
MIMAT0002846,354,0.9147286821705426
MIMAT0002847,320,0.8268733850129198
MIMAT0002844,292,0.7545219638242894
MIMAT0002842,351,0.9069767441860465
MIMAT0002843,353,0.9121447028423773
MIMAT0002840,365,0.9431524547803618
MIMAT0002841,350,0.9043927648578811
MIMAT0027436,385,0.9948320413436692
MIMAT0027437,379,0.979328165374677
MIMAT0027434,343,0.8863049095607235
MIMAT0022928,145,0.37467700258397935
MIMAT0027432,384,0.9922480620155039
MIMAT0018189,387,1.0
MIMAT0027430,385,0.9948320413436692
MIMAT0027431,381,0.9844961240310077
MIMAT0018184,299,0.772609819121447
MIMAT0018185,312,0.8062015503875969
MIMAT0018186,68,0.17571059431524547
MIMAT0018187,5,0.012919896640826873
MIMAT0018180,375,0.9689922480620154
MIMAT0027438,377,0.9741602067183462
MIMAT0018183,131,0.3385012919896641
MIMAT0000688,0,0.0
MIMAT0000689,0,0.0
MIMAT0000682,0,0.0
MIMAT0000683,349,0.9018087855297158
MIMAT0000680,0,0.0
MIMAT0000681,0,0.0
MIMAT0000686,10,0.025839793281653745
MIMAT0000687,82,0.21188630490956073
MIMAT0000684,360,0.9302325581395349
MIMAT0000685,116,0.2997416020671835
MIMAT0000228,377,0.9741602067183462
MIMAT0027503,375,0.9689922480620154
MIMAT0027500,376,0.9715762273901809
MIMAT0027501,354,0.9147286821705426
MIMAT0027506,378,0.9767441860465116
MIMAT0027507,159,0.4108527131782946
MIMAT0027504,342,0.8837209302325582
MIMAT0001080,0,0.0
MIMAT0000222,0,0.0
MIMAT0027509,358,0.9250645994832042
MIMAT0000226,1,0.002583979328165375
MIMAT0000227,0,0.0
MIMAT0005788,353,0.9121447028423773
MIMAT0005789,293,0.7571059431524548
MIMAT0030430,386,0.9974160206718347
MIMAT0030431,384,0.9922480620155039
MIMAT0026473,322,0.8320413436692506
MIMAT0027593,372,0.9612403100775194
MIMAT0019039,386,0.9974160206718347
MIMAT0019038,357,0.9224806201550387
MIMAT0019037,318,0.8217054263565892
MIMAT0019034,352,0.9095607235142119
MIMAT0019033,361,0.9328165374677002
MIMAT0019032,373,0.9638242894056848
MIMAT0019031,361,0.9328165374677002
MIMAT0019030,385,0.9948320413436692
MIMAT0004945,0,0.0
MIMAT0004763,304,0.7855297157622739
MIMAT0004946,1,0.002583979328165375
MIMAT0026743,285,0.7364341085271318
MIMAT0004764,252,0.6511627906976745
MIMAT0004767,4,0.0103359173126615
MIMAT0027619,374,0.9664082687338501
MIMAT0027616,321,0.8294573643410853
MIMAT0027617,363,0.937984496124031
MIMAT0027614,385,0.9948320413436692
MIMAT0027615,369,0.9534883720930233
MIMAT0004949,10,0.025839793281653745
MIMAT0027613,366,0.9457364341085271
MIMAT0027610,334,0.8630490956072352
MIMAT0027611,309,0.7984496124031008
MIMAT0004549,0,0.0
MIMAT0003233,60,0.15503875968992248
MIMAT0003231,386,0.9974160206718347
MIMAT0003237,354,0.9147286821705426
MIMAT0003235,79,0.2041343669250646
MIMAT0003238,187,0.48320413436692505
MIMAT0003239,0,0.0
MIMAT0000417,0,0.0
MIMAT0004785,146,0.3772609819121447
MIMAT0004784,0,0.0
MIMAT0004780,0,0.0
MIMAT0000415,0,0.0
MIMAT0000414,0,0.0
MIMAT0011161,89,0.22997416020671835
MIMAT0011160,209,0.5400516795865633
MIMAT0011163,184,0.4754521963824289
MIMAT0022260,385,0.9948320413436692
MIMAT0027521,247,0.6382428940568475
MIMAT0022263,320,0.8268733850129198
MIMAT0022265,386,0.9974160206718347
MIMAT0022266,344,0.8888888888888888
MIMAT0003309,124,0.32041343669250644
MIMAT0025481,369,0.9534883720930233
MIMAT0025480,378,0.9767441860465116
MIMAT0025483,257,0.6640826873385013
MIMAT0025482,318,0.8217054263565892
MIMAT0003302,157,0.40568475452196384
MIMAT0025484,176,0.45478036175710596
MIMAT0025487,357,0.9224806201550387
MIMAT0003301,32,0.082687338501292
MIMAT0016876,386,0.9974160206718347
MIMAT0016866,383,0.9896640826873385
MIMAT0018997,354,0.9147286821705426
MIMAT0018996,297,0.7674418604651163
MIMAT0018994,376,0.9715762273901809
MIMAT0018993,203,0.524547803617571
MIMAT0018992,373,0.9638242894056848
MIMAT0016875,386,0.9974160206718347
MIMAT0018998,384,0.9922480620155039
MIMAT0015064,386,0.9974160206718347
MIMAT0015065,382,0.9870801033591732
MIMAT0015066,37,0.09560723514211886
MIMAT0015067,343,0.8863049095607235
MIMAT0015061,359,0.9276485788113695
MIMAT0015063,299,0.772609819121447
MIMAT0022862,89,0.22997416020671835
MIMAT0022861,88,0.22739018087855298
MIMAT0015068,384,0.9922480620155039
MIMAT0015069,209,0.5400516795865633
MIMAT0022468,260,0.6718346253229974
MIMAT0022469,385,0.9948320413436692
MIMAT0019832,383,0.9896640826873385
MIMAT0018117,372,0.9612403100775194
MIMAT0018116,281,0.7260981912144703
MIMAT0004487,47,0.12144702842377261
MIMAT0005868,386,0.9974160206718347
MIMAT0019078,352,0.9095607235142119
MIMAT0018111,382,0.9870801033591732
MIMAT0018178,384,0.9922480620155039
MIMAT0006790,4,0.0103359173126615
MIMAT0019824,362,0.9354005167958657
MIMAT0019825,382,0.9870801033591732
MIMAT0019826,367,0.9483204134366925
MIMAT0019827,363,0.937984496124031
MIMAT0019820,267,0.689922480620155
MIMAT0019821,338,0.8733850129198967
MIMAT0019822,308,0.7958656330749354
MIMAT0019823,275,0.710594315245478
MIMAT0019828,369,0.9534883720930233
MIMAT0019829,380,0.9819121447028424
MIMAT0017352,64,0.165374677002584
MIMAT0020925,59,0.1524547803617571
MIMAT0020924,265,0.6847545219638242
MIMAT0002858,336,0.8682170542635659
MIMAT0001412,76,0.19638242894056848
MIMAT0001413,0,0.0
MIMAT0019918,137,0.35400516795865633
MIMAT0019919,349,0.9018087855297158
MIMAT0019910,268,0.6925064599483204
MIMAT0019911,220,0.5684754521963824
MIMAT0019912,295,0.7622739018087855
MIMAT0019913,377,0.9741602067183462
MIMAT0019914,381,0.9844961240310077
MIMAT0019915,376,0.9715762273901809
MIMAT0019916,384,0.9922480620155039
MIMAT0019917,335,0.8656330749354005
MIMAT0002859,314,0.8113695090439277
MIMAT0001631,0,0.0
MIMAT0001635,0,0.0
MIMAT0001636,35,0.09043927648578812
MIMAT0002851,354,0.9147286821705426
MIMAT0001639,0,0.0
MIMAT0002853,330,0.8527131782945736
MIMAT0002852,297,0.7674418604651163
MIMAT0002855,371,0.958656330749354
MIMAT0002854,360,0.9302325581395349
MIMAT0002857,297,0.7674418604651163
MIMAT0002856,353,0.9121447028423773
MIMAT0018206,380,0.9819121447028424
MIMAT0018205,38,0.09819121447028424
MIMAT0018204,93,0.24031007751937986
MIMAT0018203,238,0.6149870801033591
MIMAT0018202,385,0.9948320413436692
MIMAT0018201,187,0.48320413436692505
MIMAT0018200,361,0.9328165374677002
MIMAT0027423,332,0.8578811369509044
MIMAT0027422,48,0.12403100775193798
MIMAT0027425,304,0.7855297157622739
MIMAT0027424,372,0.9612403100775194
MIMAT0018199,385,0.9948320413436692
MIMAT0018198,291,0.751937984496124
MIMAT0018197,67,0.1731266149870801
MIMAT0027428,275,0.710594315245478
MIMAT0018195,232,0.599483204134367
MIMAT0018194,74,0.19121447028423771
MIMAT0018193,367,0.9483204134366925
MIMAT0018192,358,0.9250645994832042
MIMAT0018191,51,0.13178294573643412
MIMAT0018190,358,0.9250645994832042
MIMAT0000691,0,0.0
MIMAT0000690,29,0.07493540051679587
MIMAT0000693,0,0.0
MIMAT0000692,0,0.0
MIMAT0027519,352,0.9095607235142119
MIMAT0027518,383,0.9896640826873385
MIMAT0027515,334,0.8630490956072352
MIMAT0027514,294,0.7596899224806202
MIMAT0027517,157,0.40568475452196384
MIMAT0027511,378,0.9767441860465116
MIMAT0027510,250,0.6459948320413437
MIMAT0027513,31,0.08010335917312661
MIMAT0027512,385,0.9948320413436692
MIMAT0000232,0,0.0
MIMAT0000231,0,0.0
MIMAT0005797,0,0.0
MIMAT0005796,8,0.020671834625323
MIMAT0005795,343,0.8863049095607235
MIMAT0005794,1,0.002583979328165375
MIMAT0005793,30,0.07751937984496124
MIMAT0005792,0,0.0
MIMAT0005791,385,0.9948320413436692
MIMAT0030421,229,0.5917312661498708
MIMAT0030420,289,0.7467700258397932
MIMAT0030423,375,0.9689922480620154
MIMAT0030422,386,0.9974160206718347
MIMAT0030425,271,0.7002583979328165
MIMAT0030424,375,0.9689922480620154
MIMAT0005799,347,0.896640826873385
MIMAT0005798,173,0.4470284237726098
MIMAT0019008,386,0.9974160206718347
MIMAT0026740,382,0.9870801033591732
MIMAT0019002,386,0.9974160206718347
MIMAT0019003,371,0.958656330749354
MIMAT0019000,100,0.25839793281653745
MIMAT0019001,285,0.7364341085271318
MIMAT0019006,347,0.896640826873385
MIMAT0019007,386,0.9974160206718347
MIMAT0019004,386,0.9974160206718347
MIMAT0019005,369,0.9534883720930233
MIMAT0027609,372,0.9612403100775194
MIMAT0027608,57,0.14728682170542637
MIMAT0027359,366,0.9457364341085271
MIMAT0027358,381,0.9844961240310077
MIMAT0027353,370,0.9560723514211886
MIMAT0027600,302,0.7803617571059431
MIMAT0027603,317,0.8191214470284238
MIMAT0027602,367,0.9483204134366925
MIMAT0027357,257,0.6640826873385013
MIMAT0027604,162,0.4186046511627907
MIMAT0027355,341,0.8811369509043928
MIMAT0027354,281,0.7260981912144703
MIMAT0026558,274,0.7080103359173127
MIMAT0026559,80,0.20671834625322996
MIMAT0003879,0,0.0
MIMAT0026557,7,0.01808785529715762
MIMAT0026554,289,0.7467700258397932
MIMAT0026555,354,0.9147286821705426
MIMAT0026480,1,0.002583979328165375
MIMAT0026481,88,0.22739018087855298
MIMAT0026482,156,0.40310077519379844
MIMAT0026483,10,0.025839793281653745
MIMAT0026484,381,0.9844961240310077
MIMAT0026485,373,0.9638242894056848
MIMAT0026486,363,0.937984496124031
MIMAT0025474,56,0.14470284237726097
MIMAT0022272,6,0.015503875968992248
MIMAT0022271,152,0.39276485788113696
MIMAT0022270,264,0.6821705426356589
MIMAT0022277,335,0.8656330749354005
MIMAT0022276,202,0.5219638242894057
MIMAT0025472,351,0.9069767441860465
MIMAT0022274,249,0.6434108527131783
MIMAT0003311,283,0.7312661498708011
MIMAT0003313,113,0.29198966408268734
MIMAT0003312,20,0.05167958656330749
MIMAT0003317,383,0.9896640826873385
MIMAT0026636,386,0.9974160206718347
MIMAT0015077,127,0.3281653746770026
MIMAT0015076,324,0.8372093023255814
MIMAT0015075,218,0.5633074935400517
MIMAT0022692,0,0.0
MIMAT0015073,253,0.6537467700258398
MIMAT0003228,368,0.9509043927648578
MIMAT0022697,15,0.03875968992248062
MIMAT0015070,277,0.7157622739018088
MIMAT0003225,331,0.8552971576227391
MIMAT0022698,141,0.3643410852713178
MIMAT0003220,142,0.3669250645994832
MIMAT0003223,344,0.8888888888888888
MIMAT0015078,180,0.46511627906976744
MIMAT0022479,386,0.9974160206718347
MIMAT0022478,376,0.9715762273901809
MIMAT0022471,212,0.5478036175710594
MIMAT0022470,373,0.9638242894056848
MIMAT0022473,204,0.5271317829457365
MIMAT0022472,56,0.14470284237726097
MIMAT0022474,377,0.9741602067183462
MIMAT0022476,374,0.9664082687338501
MIMAT0004975,290,0.7493540051679587
MIMAT0004976,374,0.9664082687338501
MIMAT0016925,0,0.0
MIMAT0026627,315,0.813953488372093
MIMAT0016920,386,0.9974160206718347
MIMAT0031175,268,0.6925064599483204
MIMAT0031176,371,0.958656330749354
MIMAT0031177,91,0.2351421188630491
MIMAT0031179,259,0.6692506459948321
MIMAT0027088,343,0.8863049095607235
MIMAT0026620,349,0.9018087855297158
MIMAT0023698,386,0.9974160206718347
MIMAT0004775,0,0.0
MIMAT0005891,379,0.979328165374677
MIMAT0031006,385,0.9948320413436692
MIMAT0031000,386,0.9974160206718347
MIMAT0031002,386,0.9974160206718347
MIMAT0005894,321,0.8294573643410853
MIMAT0001532,375,0.9689922480620154
MIMAT0006767,382,0.9870801033591732
MIMAT0006789,2,0.00516795865633075
MIMAT0018349,16,0.041343669250646
MIMAT0006765,380,0.9819121447028424
MIMAT0006764,66,0.17054263565891473
MIMAT0021129,375,0.9689922480620154
MIMAT0019837,382,0.9870801033591732
MIMAT0019836,379,0.979328165374677
MIMAT0019835,385,0.9948320413436692
MIMAT0019834,383,0.9896640826873385
MIMAT0019833,377,0.9741602067183462
MIMAT0004679,139,0.35917312661498707
MIMAT0019830,339,0.875968992248062
MIMAT0014994,169,0.43669250645994834
MIMAT0019839,355,0.917312661498708
MIMAT0019838,359,0.9276485788113695
MIMAT0005944,382,0.9870801033591732
MIMAT0005942,148,0.38242894056847543
MIMAT0005943,76,0.19638242894056848
MIMAT0005941,194,0.5012919896640827
MIMAT0004675,330,0.8527131782945736
MIMAT0005948,16,0.041343669250646
MIMAT0005949,0,0.0
MIMAT0014998,360,0.9302325581395349
MIMAT0019909,384,0.9922480620155039
MIMAT0019908,379,0.979328165374677
MIMAT0019903,314,0.8113695090439277
MIMAT0019902,373,0.9638242894056848
MIMAT0019901,327,0.8449612403100775
MIMAT0019900,234,0.6046511627906976
MIMAT0019906,385,0.9948320413436692
MIMAT0019905,380,0.9819121447028424
MIMAT0019904,270,0.6976744186046512
MIMAT0025841,198,0.5116279069767442
MIMAT0001621,7,0.01808785529715762
MIMAT0001620,0,0.0
MIMAT0001627,31,0.08010335917312661
MIMAT0001625,16,0.041343669250646
MIMAT0001629,56,0.14470284237726097
MIMAT0019735,385,0.9948320413436692
MIMAT0001536,0,0.0
MIMAT0005892,61,0.15762273901808785
MIMAT0005893,283,0.7312661498708011
MIMAT0021117,130,0.3359173126614987
MIMAT0005895,186,0.4806201550387597
MIMAT0005897,301,0.7777777777777778
MIMAT0005898,327,0.8449612403100775
MIMAT0005899,31,0.08010335917312661
MIMAT0021119,360,0.9302325581395349
MIMAT0021118,358,0.9250645994832042
MIMAT0030986,369,0.9534883720930233
MIMAT0030984,386,0.9974160206718347
MIMAT0027568,300,0.7751937984496124
MIMAT0027569,380,0.9819121447028424
MIMAT0027560,386,0.9974160206718347
MIMAT0027561,381,0.9844961240310077
MIMAT0027562,381,0.9844961240310077
MIMAT0027563,386,0.9974160206718347
MIMAT0027564,384,0.9922480620155039
MIMAT0027565,341,0.8811369509043928
MIMAT0027566,384,0.9922480620155039
MIMAT0027567,260,0.6718346253229974
MIMAT0000754,0,0.0
MIMAT0000755,13,0.03359173126614987
MIMAT0000756,1,0.002583979328165375
MIMAT0000757,0,0.0
MIMAT0000750,2,0.00516795865633075
MIMAT0000751,1,0.002583979328165375
MIMAT0000752,0,0.0
MIMAT0000753,0,0.0
MIMAT0000758,1,0.002583979328165375
MIMAT0000759,0,0.0
MIMAT0004588,0,0.0
MIMAT0004548,262,0.6770025839793282
MIMAT0019016,350,0.9043927648578811
MIMAT0019011,260,0.6718346253229974
MIMAT0019010,366,0.9457364341085271
MIMAT0019013,376,0.9715762273901809
MIMAT0019012,386,0.9974160206718347
MIMAT0026765,208,0.537467700258398
MIMAT0019019,386,0.9974160206718347
MIMAT0019018,225,0.5813953488372093
MIMAT0011159,195,0.5038759689922481
MIMAT0027366,339,0.875968992248062
MIMAT0004922,375,0.9689922480620154
MIMAT0004921,0,0.0
MIMAT0004920,123,0.3178294573643411
MIMAT0004927,0,0.0
MIMAT0004926,1,0.002583979328165375
MIMAT0027360,359,0.9276485788113695
MIMAT0004924,350,0.9043927648578811
MIMAT0004929,201,0.5193798449612403
MIMAT0004928,46,0.11886304909560723
MIMAT0027368,140,0.36175710594315247
MIMAT0027369,243,0.627906976744186
MIMAT0004779,372,0.9612403100775194
MIMAT0027388,315,0.813953488372093
MIMAT0027389,326,0.8423772609819121
MIMAT0027384,321,0.8294573643410853
MIMAT0027385,378,0.9767441860465116
MIMAT0027386,320,0.8268733850129198
MIMAT0027387,385,0.9948320413436692
MIMAT0027380,327,0.8449612403100775
MIMAT0027381,361,0.9328165374677002
MIMAT0027382,352,0.9095607235142119
MIMAT0027383,371,0.958656330749354
MIMAT0004778,290,0.7493540051679587
MIMAT0001339,353,0.9121447028423773
MIMAT0025467,371,0.958656330749354
MIMAT0025466,374,0.9664082687338501
MIMAT0025465,380,0.9819121447028424
MIMAT0025464,365,0.9431524547803618
MIMAT0025463,258,0.6666666666666666
MIMAT0025462,183,0.4728682170542636
MIMAT0025461,386,0.9974160206718347
MIMAT0025460,142,0.3669250645994832
MIMAT0025469,384,0.9922480620155039
MIMAT0025468,289,0.7467700258397932
MIMAT0003258,1,0.002583979328165375
MIMAT0015043,384,0.9922480620155039
MIMAT0015040,384,0.9922480620155039
MIMAT0015041,338,0.8733850129198967
MIMAT0015046,369,0.9534883720930233
MIMAT0015045,80,0.20671834625322996
MIMAT0003250,192,0.49612403100775193
MIMAT0003251,385,0.9948320413436692
MIMAT0015048,336,0.8682170542635659
MIMAT0015049,372,0.9612403100775194
MIMAT0003254,69,0.17829457364341086
MIMAT0003255,379,0.979328165374677
MIMAT0003256,7,0.01808785529715762
MIMAT0003257,5,0.012919896640826873
MIMAT0022484,386,0.9974160206718347
MIMAT0022485,378,0.9767441860465116
MIMAT0022486,373,0.9638242894056848
MIMAT0022487,361,0.9328165374677002
MIMAT0022480,384,0.9922480620155039
MIMAT0022482,213,0.5503875968992248
MIMAT0022483,356,0.9198966408268734
MIMAT0022488,331,0.8552971576227391
MIMAT0022489,287,0.7416020671834626
MIMAT0003294,1,0.002583979328165375
MIMAT0019792,333,0.8604651162790697
MIMAT0019793,382,0.9870801033591732
MIMAT0019790,384,0.9922480620155039
MIMAT0019791,379,0.979328165374677
MIMAT0019796,303,0.7829457364341085
MIMAT0019797,368,0.9509043927648578
MIMAT0019794,386,0.9974160206718347
MIMAT0019795,361,0.9328165374677002
MIMAT0019798,332,0.8578811369509044
MIMAT0019799,381,0.9844961240310077
MIMAT0003291,334,0.8630490956072352
MIMAT0027663,368,0.9509043927648578
MIMAT0027662,378,0.9767441860465116
MIMAT0017996,311,0.8036175710594315
MIMAT0017997,371,0.958656330749354
MIMAT0017994,1,0.002583979328165375
MIMAT0017995,371,0.958656330749354
MIMAT0017992,5,0.012919896640826873
MIMAT0017993,26,0.06718346253229975
MIMAT0017990,1,0.002583979328165375
MIMAT0017991,85,0.21963824289405684
MIMAT0017998,382,0.9870801033591732
MIMAT0017999,286,0.7390180878552972
MIMAT0031012,383,0.9896640826873385
MIMAT0018359,291,0.751937984496124
MIMAT0018358,122,0.3152454780361757
MIMAT0018355,301,0.7777777777777778
MIMAT0018354,340,0.8785529715762274
MIMAT0018357,378,0.9767441860465116
MIMAT0018356,133,0.34366925064599485
MIMAT0018351,377,0.9741602067183462
MIMAT0018350,383,0.9896640826873385
MIMAT0018353,378,0.9767441860465116
MIMAT0018352,350,0.9043927648578811
MIMAT0027674,375,0.9689922480620154
MIMAT0019802,382,0.9870801033591732
MIMAT0019803,378,0.9767441860465116
MIMAT0019806,374,0.9664082687338501
MIMAT0019807,242,0.6253229974160207
MIMAT0019804,379,0.979328165374677
MIMAT0019805,326,0.8423772609819121
MIMAT0019808,266,0.6873385012919897
MIMAT0019809,347,0.896640826873385
MIMAT0005951,0,0.0
MIMAT0005950,32,0.082687338501292
MIMAT0005953,372,0.9612403100775194
MIMAT0005955,335,0.8656330749354005
MIMAT0019936,373,0.9638242894056848
MIMAT0019937,323,0.834625322997416
MIMAT0019934,381,0.9844961240310077
MIMAT0019935,130,0.3359173126614987
MIMAT0019932,384,0.9922480620155039
MIMAT0019930,378,0.9767441860465116
MIMAT0019931,214,0.5529715762273901
MIMAT0019938,364,0.9405684754521964
MIMAT0019939,314,0.8113695090439277
MIMAT0009197,369,0.9534883720930233
MIMAT0009196,10,0.025839793281653745
MIMAT0009199,130,0.3359173126614987
MIMAT0009198,36,0.09302325581395349
MIMAT0004923,383,0.9896640826873385
MIMAT0027367,378,0.9767441860465116
MIMAT0021126,383,0.9896640826873385
MIMAT0021127,384,0.9922480620155039
MIMAT0021124,241,0.6227390180878553
MIMAT0021125,378,0.9767441860465116
MIMAT0027364,364,0.9405684754521964
MIMAT0021120,375,0.9689922480620154
MIMAT0021121,385,0.9948320413436692
MIMAT0005883,271,0.7002583979328165
MIMAT0005882,178,0.4599483204134367
MIMAT0005881,145,0.37467700258397935
MIMAT0005880,375,0.9689922480620154
MIMAT0005885,91,0.2351421188630491
MIMAT0005884,201,0.5193798449612403
MIMAT0027362,314,0.8113695090439277
MIMAT0005889,276,0.7131782945736435
MIMAT0027363,275,0.710594315245478
MIMAT0030999,252,0.6511627906976745
MIMAT0010195,24,0.06201550387596899
MIMAT0004925,340,0.8785529715762274
MIMAT0030990,386,0.9974160206718347
MIMAT0027361,279,0.7209302325581395
MIMAT0030997,386,0.9974160206718347
MIMAT0010357,375,0.9689922480620154
MIMAT0027579,335,0.8656330749354005
MIMAT0027578,383,0.9896640826873385
MIMAT0027573,362,0.9354005167958657
MIMAT0027572,371,0.958656330749354
MIMAT0027571,376,0.9715762273901809
MIMAT0027570,382,0.9870801033591732
MIMAT0027577,49,0.12661498708010335
MIMAT0027576,292,0.7545219638242894
MIMAT0027575,357,0.9224806201550387
MIMAT0027574,369,0.9534883720930233
MIMAT0001618,36,0.09302325581395349
MIMAT0001340,0,0.0
MIMAT0001341,0,0.0
MIMAT0001343,0,0.0
MIMAT0026718,84,0.21705426356589147
MIMAT0026719,348,0.8992248062015504
MIMAT0019062,369,0.9534883720930233
MIMAT0019063,311,0.8036175710594315
MIMAT0019064,345,0.8914728682170543
MIMAT0003883,252,0.6511627906976745
MIMAT0019066,381,0.9844961240310077
MIMAT0004919,280,0.7235142118863049
MIMAT0019068,294,0.7596899224806202
MIMAT0019069,384,0.9922480620155039
MIMAT0004609,287,0.7416020671834626
MIMAT0004912,383,0.9896640826873385
MIMAT0004913,375,0.9689922480620154
MIMAT0004910,371,0.958656330749354
MIMAT0004911,0,0.0
MIMAT0027371,300,0.7751937984496124
MIMAT0027370,360,0.9302325581395349
MIMAT0027373,350,0.9043927648578811
MIMAT0027372,365,0.9431524547803618
MIMAT0027375,260,0.6718346253229974
MIMAT0027374,381,0.9844961240310077
MIMAT0027377,386,0.9974160206718347
MIMAT0027376,324,0.8372093023255814
MIMAT0027379,385,0.9948320413436692
MIMAT0027378,344,0.8888888888888888
MIMAT0000101,0,0.0
MIMAT0000100,0,0.0
MIMAT0000103,0,0.0
MIMAT0000102,94,0.24289405684754523
MIMAT0004592,81,0.20930232558139536
MIMAT0004593,91,0.2351421188630491
MIMAT0004590,370,0.9560723514211886
MIMAT0004591,373,0.9638242894056848
MIMAT0004596,378,0.9767441860465116
MIMAT0004597,0,0.0
MIMAT0004594,4,0.0103359173126615
MIMAT0004595,282,0.7286821705426356
MIMAT0004598,0,0.0
MIMAT0004599,0,0.0
MIMAT0003888,0,0.0
MIMAT0027399,324,0.8372093023255814
MIMAT0027398,382,0.9870801033591732
MIMAT0027397,339,0.875968992248062
MIMAT0027396,325,0.8397932816537468
MIMAT0027395,252,0.6511627906976745
MIMAT0027394,380,0.9819121447028424
MIMAT0027393,348,0.8992248062015504
MIMAT0027392,382,0.9870801033591732
MIMAT0027391,382,0.9870801033591732
MIMAT0027390,337,0.8708010335917312
MIMAT0026624,380,0.9819121447028424
MIMAT0004687,341,0.8811369509043928
MIMAT0026626,346,0.8940568475452196
MIMAT0004685,386,0.9974160206718347
MIMAT0004682,0,0.0
MIMAT0026621,381,0.9844961240310077
MIMAT0004680,0,0.0
MIMAT0004681,8,0.020671834625323
MIMAT0004688,0,0.0
MIMAT0004689,12,0.031007751937984496
MIMAT0025453,305,0.7881136950904393
MIMAT0025450,374,0.9664082687338501
MIMAT0025451,377,0.9741602067183462
MIMAT0025456,320,0.8268733850129198
MIMAT0025458,172,0.4444444444444444
MIMAT0025459,334,0.8630490956072352
MIMAT0014981,386,0.9974160206718347
MIMAT0014982,381,0.9844961240310077
MIMAT0014983,367,0.9483204134366925
MIMAT0014984,385,0.9948320413436692
MIMAT0014986,366,0.9457364341085271
MIMAT0014987,127,0.3281653746770026
MIMAT0014988,344,0.8888888888888888
MIMAT0014989,363,0.937984496124031
MIMAT0022732,304,0.7855297157622739
MIMAT0025857,385,0.9948320413436692
MIMAT0025855,279,0.7209302325581395
MIMAT0025852,353,0.9121447028423773
MIMAT0025851,56,0.14470284237726097
MIMAT0015055,374,0.9664082687338501
MIMAT0015054,275,0.710594315245478
MIMAT0015056,375,0.9689922480620154
MIMAT0015051,218,0.5633074935400517
MIMAT0015050,22,0.056847545219638244
MIMAT0015053,161,0.4160206718346253
MIMAT0015052,364,0.9405684754521964
MIMAT0003249,0,0.0
MIMAT0003243,352,0.9095607235142119
MIMAT0003242,4,0.0103359173126615
MIMAT0003241,0,0.0
MIMAT0019337,386,0.9974160206718347
MIMAT0003247,0,0.0
MIMAT0003246,128,0.330749354005168
MIMAT0003245,69,0.17829457364341086
MIMAT0003244,241,0.6227390180878553
MIMAT0022496,158,0.4082687338501292
MIMAT0022495,384,0.9922480620155039
MIMAT0022494,325,0.8397932816537468
MIMAT0022493,384,0.9922480620155039
MIMAT0022492,139,0.35917312661498707
MIMAT0022491,110,0.2842377260981912
MIMAT0022490,347,0.896640826873385
MIMAT0022498,384,0.9922480620155039
MIMAT0019789,373,0.9638242894056848
MIMAT0019788,385,0.9948320413436692
MIMAT0019785,386,0.9974160206718347
MIMAT0023705,385,0.9948320413436692
MIMAT0019786,386,0.9974160206718347
MIMAT0019781,379,0.979328165374677
MIMAT0019780,328,0.8475452196382429
MIMAT0023702,385,0.9948320413436692
MIMAT0019782,291,0.751937984496124
MIMAT0022259,377,0.9741602067183462
MIMAT0022258,251,0.648578811369509
MIMAT0022731,384,0.9922480620155039
MIMAT0022257,253,0.6537467700258398
MIMAT0017981,224,0.5788113695090439
MIMAT0017983,365,0.9431524547803618
MIMAT0017982,32,0.082687338501292
MIMAT0017985,0,0.0
MIMAT0017984,212,0.5478036175710594
MIMAT0017987,61,0.15762273901808785
MIMAT0017986,262,0.6770025839793282
MIMAT0017989,387,1.0
MIMAT0017988,304,0.7855297157622739
MIMAT0027435,385,0.9948320413436692
MIMAT0018188,367,0.9483204134366925
MIMAT0027433,296,0.7648578811369509
MIMAT0018182,386,0.9974160206718347
MIMAT0027439,325,0.8397932816537468
MIMAT0019920,248,0.6408268733850129
MIMAT0019923,381,0.9844961240310077
MIMAT0019922,379,0.979328165374677
MIMAT0019924,269,0.6950904392764858
MIMAT0019927,0,0.0
MIMAT0019926,40,0.10335917312661498
MIMAT0019929,376,0.9715762273901809
MIMAT0019928,377,0.9741602067183462
MIMAT0010214,25,0.06459948320413436
MIMAT0002883,77,0.19896640826873385
MIMAT0002880,15,0.03875968992248062
MIMAT0002881,54,0.13953488372093023
MIMAT0002888,0,0.0
MIMAT0019819,381,0.9844961240310077
MIMAT0019818,383,0.9896640826873385
MIMAT0019815,352,0.9095607235142119
MIMAT0019814,4,0.0103359173126615
MIMAT0019817,381,0.9844961240310077
MIMAT0019811,359,0.9276485788113695
MIMAT0019810,357,0.9224806201550387
MIMAT0019813,321,0.8294573643410853
MIMAT0019812,83,0.2144702842377261
MIMAT0027490,380,0.9819121447028424
MIMAT0027491,379,0.979328165374677
MIMAT0027492,356,0.9198966408268734
MIMAT0027493,373,0.9638242894056848
MIMAT0027494,377,0.9741602067183462
MIMAT0027495,258,0.6666666666666666
MIMAT0027496,386,0.9974160206718347
MIMAT0027497,180,0.46511627906976744
MIMAT0027498,361,0.9328165374677002
MIMAT0027499,365,0.9431524547803618
MIMAT0027546,380,0.9819121447028424
MIMAT0027547,384,0.9922480620155039
MIMAT0027544,354,0.9147286821705426
MIMAT0027545,380,0.9819121447028424
MIMAT0027542,310,0.8010335917312662
MIMAT0027543,349,0.9018087855297158
MIMAT0027540,368,0.9509043927648578
MIMAT0027541,173,0.4470284237726098
MIMAT0027548,345,0.8914728682170543
MIMAT0027549,338,0.8733850129198967
MIMAT0000772,0,0.0
MIMAT0000773,273,0.7054263565891473
MIMAT0000770,35,0.09043927648578812
MIMAT0004909,0,0.0
MIMAT0019072,344,0.8888888888888888
MIMAT0019071,241,0.6227390180878553
MIMAT0019076,385,0.9948320413436692
MIMAT0019075,386,0.9974160206718347
MIMAT0019074,233,0.6020671834625323
MIMAT0019079,382,0.9870801033591732
MIMAT0004902,103,0.2661498708010336
MIMAT0004907,328,0.8475452196382429
MIMAT0027038,382,0.9870801033591732
MIMAT0027032,8,0.020671834625323
MIMAT0027036,298,0.7700258397932817
MIMAT0027037,365,0.9431524547803618
MIMAT0015042,383,0.9896640826873385
MIMAT0026637,370,0.9560723514211886
MIMAT0004690,107,0.27648578811369506
MIMAT0004693,0,0.0
MIMAT0004692,0,0.0
MIMAT0004695,222,0.5736434108527132
MIMAT0004694,0,0.0
MIMAT0004697,0,0.0
MIMAT0004696,339,0.875968992248062
MIMAT0004699,5,0.012919896640826873
MIMAT0004698,35,0.09043927648578812
MIMAT0026639,211,0.5452196382428941
MIMAT0026638,387,1.0
MIMAT0022714,276,0.7131782945736435
MIMAT0022717,344,0.8888888888888888
MIMAT0022710,21,0.05426356589147287
MIMAT0022711,70,0.18087855297157623
MIMAT0022713,338,0.8733850129198967
MIMAT0014992,290,0.7493540051679587
MIMAT0014991,344,0.8888888888888888
MIMAT0014990,0,0.0
MIMAT0014997,377,0.9741602067183462
MIMAT0014996,123,0.3178294573643411
MIMAT0014995,54,0.13953488372093023
MIMAT0004678,0,0.0
MIMAT0004677,23,0.059431524547803614
MIMAT0004676,103,0.2661498708010336
MIMAT0014999,324,0.8372093023255814
MIMAT0004674,56,0.14470284237726097
MIMAT0004673,0,0.0
MIMAT0004672,0,0.0
MIMAT0004671,0,0.0
MIMAT0015028,269,0.6950904392764858
MIMAT0015029,338,0.8733850129198967
MIMAT0025843,204,0.5271317829457365
MIMAT0025842,382,0.9870801033591732
MIMAT0025845,93,0.24031007751937986
MIMAT0025844,386,0.9974160206718347
MIMAT0025846,344,0.8888888888888888
MIMAT0025849,108,0.27906976744186046
MIMAT0025848,11,0.028423772609819122
MIMAT0015022,321,0.8294573643410853
MIMAT0015023,363,0.937984496124031
MIMAT0015024,380,0.9819121447028424
MIMAT0015025,383,0.9896640826873385
MIMAT0015026,378,0.9767441860465116
MIMAT0015027,291,0.751937984496124
MIMAT0019783,384,0.9922480620155039
MIMAT0003277,384,0.9922480620155039
MIMAT0003274,384,0.9922480620155039
MIMAT0003275,276,0.7131782945736435
MIMAT0004589,7,0.01808785529715762
MIMAT0003273,174,0.4496124031007752
MIMAT0003270,384,0.9922480620155039
MIMAT0003271,382,0.9870801033591732
MIMAT0004585,0,0.0
MIMAT0004584,0,0.0
MIMAT0004587,41,0.10594315245478036
MIMAT0004586,0,0.0
MIMAT0003278,380,0.9819121447028424
MIMAT0003279,381,0.9844961240310077
MIMAT0003298,3,0.007751937984496124
MIMAT0003299,382,0.9870801033591732
MIMAT0016915,369,0.9534883720930233
MIMAT0003296,33,0.08527131782945736
MIMAT0003297,21,0.05426356589147287
MIMAT0003290,386,0.9974160206718347
MIMAT0023712,22,0.056847545219638244
MIMAT0003293,7,0.01808785529715762
MIMAT0027502,361,0.9328165374677002
MIMAT0027505,142,0.3669250645994832
MIMAT0004948,383,0.9896640826873385
MIMAT0027508,343,0.8863049095607235
MIMAT0019688,221,0.5710594315245479
MIMAT0027607,317,0.8191214470284238
MIMAT0018106,310,0.8010335917312662
MIMAT0017950,6,0.015503875968992248
