sample_barcode,patient_barcode,CNV_NMF1,CNV_NMF2,CNV_NMF3,CNV_NMF4,CNV_NMF5,CNV_NMF6,CNV_NMF7,CNV_NMF8,CNV_NMF9,CNV_NMF10,CNV_NMF11,CNV_NMF12,CNV_NMF13,CNV_NMF14,CNV_NMF15
TCGA-3M-AB47-01,TCGA-3M-AB47,0.23936454409994407,0.41615915202215875,0.002152587222687732,0.5495937496565176,0.12181217533680871,0.12049157827186446,0.5417139676954734,0.7373237207382927,0.12508315825517488,0.11744878027495637,0.3552892481507054,0.625237845453004,0.4639743243178113,0.13228724237886896,0.309659810228136
TCGA-B7-5816-01,TCGA-B7-5816,0.23319611104851987,0.3199637559617788,0.26229783751979957,0.28455800227870487,0.30103650152704536,0.1490273415376942,0.23416913256162739,0.6663883914327156,0.7786556678286374,0.2231621213311381,0.28233466582159733,0.35489378535449173,0.19811397210626616,0.11080759856725672,0.37415959831406825
TCGA-B7-5818-01,TCGA-B7-5818,0.5883586554544354,0.76781591733299,0.33190118937109847,0.3022847895930456,0.18452563305615466,0.3256779729602619,0.2525971379799683,0.3461789042651267,0.45079713313301173,0.09772334726649212,0.23147921010208297,0.37298629120607835,0.1695345149097614,0.3175935008386417,0.06473617503893897
TCGA-B7-A5TI-01,TCGA-B7-A5TI,0.29820636957277,0.3354569314315543,0.6055949476679576,0.28483449844618824,0.003078135141212405,0.31030728309809225,0.24654017487120708,0.00023635099685505713,0.9005568212192355,0.3757703848255533,0.29404995141445833,0.09834747768855154,0.18521085145951807,0.7940568075992239,0.09741176299909737
TCGA-B7-A5TJ-01,TCGA-B7-A5TJ,0.3944528127647507,0.3527590631333814,1.1412714010283092,4.758136550641529e-05,2.9818487483535725e-06,0.12960758770610933,0.31853342358270315,0.5888429035903943,0.5955770232461078,0.5223715358212356,0.006532654739311019,0.19067560644571635,0.027647333992567132,0.33233975241688396,0.038818569521572456
TCGA-B7-A5TK-01,TCGA-B7-A5TK,0.19384412563016507,0.2240038388168207,0.4819788451507844,0.5421130465249888,0.15862847201172534,0.00037092321731658053,0.501560065266177,0.5964910404563731,0.19020192495638993,0.25707172394406563,0.5386104495258706,0.6315187131213963,0.22617093558577173,0.13796564399573719,0.006644159481006692
TCGA-B7-A5TN-01,TCGA-B7-A5TN,0.6593548845226064,2.813740816522723e-13,1.5895809493222412e-07,0.04531659588445304,1.954250073743693e-06,0.9015903753061139,0.5975878631925435,0.32374977059499455,0.7838816851954944,0.2959213351728217,2.932572841905457e-10,0.18299433284594147,0.00014530235645286837,0.7009589878751431,0.042875044352177955
TCGA-BR-6452-01,TCGA-BR-6452,0.21843231177605985,0.3097255784129081,0.30193909008995645,0.2833354018701646,0.2868976791012594,0.13645885159641816,0.2512558811610896,0.6671557156410705,0.4936641908866532,0.2542079259654602,0.32743083772963627,0.3572154379858643,0.21939021094233643,0.1288592413872351,0.3781344554936333
TCGA-BR-6453-01,TCGA-BR-6453,0.46878828112391263,0.21738944616474942,0.46695981473466225,0.2546467877313534,0.09425844973397086,0.16810465774546202,0.2625278399469022,0.6641377802821036,0.2257834089413801,0.3355491110487406,0.37503093632741635,0.3042611980721191,0.28777085068439834,0.140322029040836,0.3441961598973745
TCGA-BR-6454-01,TCGA-BR-6454,0.2395586085610157,0.0437953497147842,0.02434306588950751,0.04582685895712824,0.7845667894429634,0.6489028936963943,1.011911682148039e-05,0.33405629570603357,0.0997970575357913,0.1844947348169633,0.488339006783508,0.07589913029020608,0.49607586478328713,0.591025359166164,0.010584982505267538
TCGA-BR-6455-01,TCGA-BR-6455,0.1990358909859694,0.2806406935006296,0.34466702510332103,0.28322409455074776,0.27659794710891594,0.1345307339130735,0.2702509522871735,0.666774350808956,0.21063177143538522,0.29395573912724593,0.35928632766939456,0.3463495631157488,0.24848833947850096,0.14605789668119754,0.37975786458078314
TCGA-BR-6456-01,TCGA-BR-6456,8.495391776580619e-07,0.6217758050259197,0.19424774137536502,5.95556634631189e-10,0.16368263897872826,0.09165615172049649,0.5690799598726406,0.09164927741455364,0.7020711496959856,0.7449303911325126,0.34935493473986495,0.1011997472517306,0.18296507650685112,0.39861638787844555,0.05337395182988901
TCGA-BR-6457-01,TCGA-BR-6457,0.18250202598568194,0.2383041898260159,0.45343521199003256,0.022919296994763343,0.4567125633321561,0.051967920597313415,0.02587897665440492,0.5419588869447765,0.315798253185504,0.5526519127244903,0.33550016058414844,0.1314603834368262,0.31686884296495577,0.1880193404537703,0.05079379330212083
TCGA-BR-6458-01,TCGA-BR-6458,0.0009869761112835367,8.408150598456746e-05,0.6166527253270474,0.04122664740503325,0.45752547043597247,0.5768967300510588,0.05086910166100429,0.5276630320783657,0.2475603703330622,0.06924183675081881,0.19086984848189534,0.11159459421417625,0.44437952936668884,0.3859418027103255,0.17154092573562144
TCGA-BR-6564-01,TCGA-BR-6564,0.00025240479084463963,3.834550741889541e-06,0.1868642109762858,0.2942233022934633,0.4316312635780603,0.05964647722436419,0.8974630903919674,0.3537652106262733,0.2590576723045363,2.1942323899620745e-05,0.4033915900746473,0.35834733163541044,0.1548789094516759,0.6032436147333662,0.08870234039914011
TCGA-BR-6565-01,TCGA-BR-6565,0.6999302649948873,0.6332153584135556,0.008009883318190247,0.2813972841845803,0.3529367910568919,0.2908939131637536,0.2118783078596241,0.15383337176037293,0.40179085999123776,0.6951094490043507,0.11421389738267328,0.341517117274286,1.3095538180794956e-10,0.3565303183669285,0.7370562490459405
TCGA-BR-6566-01,TCGA-BR-6566,0.4216955094780123,0.5934263587589462,0.6220404158132541,0.2351804286930849,0.004081417296034891,0.21392647288900102,0.2399569111308611,0.2991493498431646,0.23263305884566482,0.1940189092139172,0.397169578740839,0.291010530249837,0.2485194254196765,0.3448508977550476,0.34745964945486324
TCGA-BR-6705-01,TCGA-BR-6705,0.26793036010981636,0.6562389897655918,0.7268795981249049,0.25889643865629963,0.04843481479735662,0.29447565302190815,0.2511055657803951,9.071110401408307e-05,0.23413173181542937,0.0025848762997028388,0.36865667115534495,0.2978801480568426,0.25752293539285875,0.32937372573202456,0.35820046135995787
TCGA-BR-6706-01,TCGA-BR-6706,0.20899075883396565,0.7107858676576908,0.40419217969447735,0.2474044914611122,0.1449271869293762,0.1944048063509617,0.2211016225400628,0.3235748534411884,0.4642977132285427,0.0611352775122043,0.3600384876820839,0.4870505375660677,0.18379799739831354,0.3217715803423476,0.371842355804258
TCGA-BR-6707-01,TCGA-BR-6707,0.21570303633749138,0.2795204301532918,0.342779866371474,0.5312032496148255,0.14596960175286117,0.09948891447952535,0.5081942994420445,0.6434367931524428,0.1536013491369386,0.1918072267221348,0.4474679679680524,0.6026382669224234,0.2178493101973466,0.12096794492936201,0.35538760981878476
TCGA-BR-6709-01,TCGA-BR-6709,0.04411827647381194,0.30774351773892444,0.04162695375092896,0.36114653522520984,0.34810033500573834,0.021717817499263065,0.2089575081597461,0.027864629781783327,0.2750650633873315,0.6390017745771014,0.7226602908244711,0.4426926313069563,0.1849495970456913,0.2263006724552518,0.06814143052485523
TCGA-BR-6801-01,TCGA-BR-6801,0.36675266090954217,0.48300255080492593,0.7595589942574468,0.22382700854381865,0.09169190604207678,0.1750538562147504,0.21579422426828013,0.23424377158811546,0.4942707631467661,0.3462668259841079,0.3548136772091327,0.2949129071811753,0.21300574805108655,0.3294901874937471,0.3807999762234884
TCGA-BR-6802-01,TCGA-BR-6802,0.2208782692627441,0.3059956788285096,0.29972597050554217,0.2847236597380018,0.28386460498284355,0.13871223081297537,0.2519061378639944,0.668216004529638,0.4938328100904477,0.2536906980090065,0.32341504138043353,0.35727305613245425,0.2155573938218561,0.13136706546668628,0.3783780505868172
TCGA-BR-6803-01,TCGA-BR-6803,0.20435264795923552,0.30558912250037445,0.30652376911297613,0.039720358544729016,0.39231011854638087,0.14030070592982183,0.035009085561379,0.6987249208232241,0.28110618750019933,0.3938792954265615,0.2768244374148286,0.06976139219439191,0.2713444918362707,0.17675125741948824,0.41232160213337743
TCGA-BR-6852-01,TCGA-BR-6852,0.20902209728043133,0.2916541300585552,0.3222707536125538,0.2866579810785051,0.27384385101666153,0.1214767601977277,0.27287611323682825,0.6719547467874686,0.21206918090441498,0.28730225212573957,0.3559458541035005,0.3419889653532758,0.2418050257733801,0.1463750434039405,0.38320792259670666
TCGA-BR-7196-01,TCGA-BR-7196,0.24623304112216818,0.365291375788717,0.3436253131212682,0.27874829387336086,0.24184209214816305,0.19451910341373846,0.2535364609018216,0.3374982893899097,0.5118644784757083,0.07078808238929199,0.34739223898381205,0.3501048552779882,0.23461899573022504,0.14432785316158045,0.38913620930649795
TCGA-BR-7197-01,TCGA-BR-7197,0.36125353495104184,0.5296846747506193,0.44692234855110347,1.8939589902340507e-08,0.26234433262875023,0.17974433265372816,0.5714638831514477,0.2593320796888131,0.2873449672449027,0.5500310524433129,0.596227041711178,1.6841210653041435e-05,0.47964152311647457,0.3777976084578265,0.2354491438247944
TCGA-BR-7703-01,TCGA-BR-7703,0.1663233860102418,1.0606081772264184,0.4270532751917076,0.2607849501128157,0.02450708892402697,0.16060397014884087,0.23549286158475677,0.3283770451460432,0.17492214646762785,0.1745514319308178,0.37899978364430637,0.3203938938398676,0.14609482650725875,0.5314593115164592,0.34084009474034943
TCGA-BR-7704-01,TCGA-BR-7704,0.22448147288729764,0.00920574972724832,0.7395635970568155,0.30549154910648985,1.3678499780160208e-07,0.010213365278607545,0.6759614293179216,0.659767849070441,0.04955393340738623,0.47336153394884584,0.14407484075341695,0.0848297993216109,0.5765494853940238,0.5767977326738956,0.0010618101463968853
TCGA-BR-7715-01,TCGA-BR-7715,0.5436770616183195,0.7579301024422923,0.02379538331789419,0.013149835418498568,0.6368986097406272,0.004536330936383145,0.6412091637060909,0.05363974456349943,2.8582592258527955e-10,0.6001639565792897,0.26945446290412406,0.008471489810694496,0.34095234845479777,0.46222376922063735,0.08375699288140889
TCGA-BR-7716-01,TCGA-BR-7716,3.832216928732619e-12,0.8047063021467239,4.6948087285802835e-08,0.07715948026336154,0.27845547480766897,0.19872840977897363,0.05418553035162605,0.21792826998642376,0.0987058746584618,0.7343002604206369,0.3599146126787522,0.047488329454825486,0.4449231487360313,0.10141107629614309,0.23371134367099008
TCGA-BR-7717-01,TCGA-BR-7717,0.30628180826014806,0.11862827740074403,0.7542330478242977,0.7762238943174696,0.5220912751552674,0.18126985849362073,0.49571337640945334,0.18289642434979106,0.20775482635530124,0.30222280633562787,0.43637646255321594,2.0859628655025168e-12,0.4768225507514127,0.12432714958221837,0.25447179246161006
TCGA-BR-7722-01,TCGA-BR-7722,0.2143162130657198,0.4434976323210518,0.28421300093177004,0.33890724857484456,0.23658854274058808,0.5843860729407914,0.2904421103129027,0.37070184840944465,0.45644090185910946,0.0852428832812244,0.14475536138187423,0.3127633406332128,0.233478370617105,0.06733287544644839,0.2787711750876672
TCGA-BR-7723-01,TCGA-BR-7723,0.5556868793670185,0.0617838904113648,0.31805571790243664,0.08043588314011925,0.318337968738325,0.7213456079109722,0.01725048140837581,0.06250657973258288,0.8014630014807688,0.15800451992528536,4.2557372219607945e-05,0.1530297424259084,0.36838709905153355,0.06521040083914573,0.12403051822356914
TCGA-BR-7851-01,TCGA-BR-7851,0.23746139908852126,0.3498196367095332,0.36567207339321245,0.2804244832282119,0.22506263632125328,0.16442304897596435,0.2717050217006825,0.33921658823027956,0.23382128109945716,0.11301791685316466,0.39068181750234,0.33542265887631545,0.2569599321680379,0.16512918481893424,0.3930190699716982
TCGA-BR-7901-01,TCGA-BR-7901,0.11364301592120833,0.25207177217836535,0.34621911516513565,0.045840956293948784,0.4126819191188052,0.37830602975802197,0.04362484181963779,0.3915310842311453,0.5547052060906097,0.3083805578932735,9.488714983213914e-05,0.0609817796237232,0.5965595846887898,0.15709435067570673,0.5418245110464827
TCGA-BR-7957-01,TCGA-BR-7957,0.2205296452337351,0.2689032294076772,0.4061704872659522,0.295744772241747,0.27458117522232106,0.00227762902752293,0.2747342727651124,0.6468241905215486,0.2503810798908884,0.33579948330554843,0.42761713606065355,0.3727972648669618,0.2330350045420296,0.17245860390282283,0.03854550484155208
TCGA-BR-7958-01,TCGA-BR-7958,0.3559541371468982,0.5540103992885894,0.0007150003290830316,0.24455456781184504,0.002170408525442329,0.1737471958779901,0.19546243150440917,4.776341612338471e-16,0.8626591903130498,0.924277745489672,0.4094235752998625,0.3390281925373331,1.0448170127479244e-10,0.1387395871662872,0.4369553187141717
TCGA-BR-7959-01,TCGA-BR-7959,0.34986512341512177,0.4585124617897141,0.24135815321948878,0.5825474516733102,0.6054336212159449,0.14932970636060341,0.5479590982434988,0.08029522161051109,1.8067356763320877e-17,3.670260174379282e-07,0.4636247471775069,3.617719929898815e-20,0.13049133035024774,0.5553927247603337,0.31112611485277125
TCGA-BR-8058-01,TCGA-BR-8058,0.14967043774190097,0.25712997552255734,0.5979754058135438,0.0009372452695369348,0.40276047429337736,0.17693396736039177,0.010898810415437528,0.29525193307822684,0.31849067679597814,0.2524834037687547,0.3608741225147219,0.03841591925041264,0.29092798362543465,0.17906574916002738,0.4339742068059521
TCGA-BR-8059-01,TCGA-BR-8059,0.4022947350829091,0.8889988792087786,0.016178335520588335,0.3160181641421326,0.3611829647043974,0.1607453942240285,0.23281367422102678,0.38033407423101845,0.7319108409192673,0.005609811099408145,0.2264949943979227,0.3836608347314166,0.06319808625008984,0.3469756895729295,0.369527576311715
TCGA-BR-8060-01,TCGA-BR-8060,0.12600801215635543,4.1634922987189324e-05,0.7264034134562309,0.3417562692112131,0.89197267155468,0.6661513315898857,0.6339937654018892,0.12966230924616842,0.3826294920363617,6.062522725888319e-06,5.716937210483643e-07,0.002551064926193306,0.36453289077816503,0.4499059394638836,1.2743950310414172e-05
TCGA-BR-8080-01,TCGA-BR-8080,0.4108898119378778,0.2664025370159653,0.22369433684029374,0.500372959246127,0.0019661681802953792,0.3350236888538068,0.5155607117784609,0.011180435062682967,0.13803661688779145,0.4791277994001208,0.31161967442859856,0.5801389636700811,0.2790017169321189,0.10386710244198509,0.7185953413261961
TCGA-BR-8081-01,TCGA-BR-8081,0.2365546500353112,0.3497926823093327,0.36190021024966906,0.28174843089781415,0.22537178497950985,0.17384249053301024,0.27206553961246055,0.3394587656268462,0.2324025907007327,0.11366578757543852,0.38438051392440253,0.33629864220339745,0.2573531679029036,0.16347535476770436,0.39145077044642784
TCGA-BR-8284-01,TCGA-BR-8284,0.08910381534068139,0.7034791177012076,0.2319419637768627,0.24724816085411427,0.24403568163990477,0.23233196019746552,0.23948672584001937,0.6799678925489606,0.45036455614036963,0.21301773065068771,0.2474952484962951,0.2857383450231008,0.4216925546519494,0.2891291528086323,0.6907768253708845
TCGA-BR-8286-01,TCGA-BR-8286,0.44593466483265637,0.9573032937413408,0.003340713254569255,0.35509833284260317,0.11589420434490635,0.3332531646289852,0.00010980245418997062,0.2021098885909687,0.20949333169776824,0.18189528712341613,0.09925171503763869,0.30352074321285927,0.5567020415834105,0.14369104034767716,0.49668240134246305
TCGA-BR-8289-01,TCGA-BR-8289,0.2542174819385954,0.4969310723541076,0.36051292589893424,0.6229800410082438,0.6196365920014353,1.5628569369533757e-09,0.5775993017483023,0.13841386626861946,0.4318593143010247,0.0266255269627809,0.131015347429753,0.4896880550733591,0.40806203539190217,0.10405302970582057,0.12353332096038071
TCGA-BR-8291-01,TCGA-BR-8291,0.005206689467111334,0.038095636930284525,0.9858272526056916,0.39361161452695026,0.10104948411138041,0.10219559778420786,1.6840991446187297e-14,0.17333944162868026,0.39767903274929856,0.39460896042396887,0.6464937930270999,0.000168144242520713,0.3189955281400659,0.168750228572494,0.033444898699451456
TCGA-BR-8295-01,TCGA-BR-8295,0.19241701437561987,0.6643469845271797,0.5001948834632923,0.5118797758511163,0.0010417957752718765,0.3491933814823359,0.44852494901306456,0.28197502130145774,0.38840755269079064,0.009515523139377702,0.3721915657427503,0.5932702196476611,1.0501203362885487e-06,0.2690553364606708,0.6964765881422892
TCGA-BR-8296-01,TCGA-BR-8296,0.2422844122947084,0.8148086902035837,0.07378252788249207,0.2795592525563213,0.5202819072188193,0.22477015835569128,0.26143607742842506,0.00012072668645879493,0.4245775449848315,0.11739552750933344,0.14028432391797027,0.3164321097151649,0.3632056088563885,0.35398925873382103,0.7747503806340825
TCGA-BR-8297-01,TCGA-BR-8297,1.7058297409486972e-13,0.8752201529479388,0.0020050226255675357,0.37790159114063776,0.31922871187985524,0.646371649972854,0.30989030943155443,0.7552935870826312,0.05646657587047007,0.23575740882085047,0.052117717304363785,0.4519227507041703,0.1427156832692024,0.2488504657685259,0.28264950990560117
TCGA-BR-8361-01,TCGA-BR-8361,0.186046628601896,0.4887590046466446,0.4211883424492632,0.21457706316215958,0.14863246176486108,0.23168628076577846,0.2723414581075706,0.1501446568543414,0.37978842680491487,0.2961347578450123,0.8061465088440608,0.216987245299731,0.19190351773243883,0.04980096660229145,0.31918401552086106
TCGA-BR-8363-01,TCGA-BR-8363,0.1753976164888219,0.38230335418399175,0.30090821761106884,0.26758534472385975,0.2725897002675048,0.12632598844102255,0.2796578071730802,0.3432747250902737,0.24104983897020937,0.08245151574464124,0.38502589229049494,0.30692635074720487,0.5035315480748517,0.1618288295792019,0.38996306429842686
TCGA-BR-8364-01,TCGA-BR-8364,0.2421286060549749,0.2632287450695369,0.42090196932082347,1.7294334155551283e-05,0.4390727230353373,0.21707411960778006,1.223444753937984e-07,0.27183309718772924,0.3148447571548242,0.2907827501516145,0.7966160990841163,0.003907976728734427,0.20906279384248105,0.22425730975988004,3.830310987028264e-06
TCGA-BR-8365-01,TCGA-BR-8365,0.11712032765268074,0.3560052978916686,0.3934540778257459,0.00016697247522642344,0.33866372390894295,0.17034307618443767,0.010594234149872046,0.3549816810899635,0.3149660483704393,0.20350773063454342,0.3019645572223931,0.01974182154866213,0.5263129068558969,0.5016318081556193,0.40885520585350343
TCGA-BR-8366-01,TCGA-BR-8366,0.18405050833821252,0.6431858111654681,0.561337844856642,0.27554263650848915,0.1470508436770957,0.03751147025687541,0.24894451541784815,0.28626530650680315,0.2673904244023989,0.20155801207484164,0.4716213171547404,0.3519934442376854,0.19846846675635102,0.3815465475338257,0.04263043612507683
TCGA-BR-8367-01,TCGA-BR-8367,0.17751529333141747,0.36264776021196715,0.24459235537875107,0.272536906024759,0.3472931519204746,0.1140290094858602,0.2686654421737317,0.3315008090916161,0.5102780839985172,0.20824333498205364,0.294845643001083,0.3336423480757777,0.45922519419225477,0.14320602250522574,0.4036407463877297
TCGA-BR-8368-01,TCGA-BR-8368,0.21018879992004585,0.29700599012206097,0.3185335032676829,0.2867241169423682,0.26960759646141297,0.11927471774510282,0.2725953385648725,0.6740170165479947,0.21240648087974526,0.28637226628273293,0.3559632774151488,0.3402509175890249,0.24295318139505537,0.14738573409490555,0.3875670868664012
TCGA-BR-8369-01,TCGA-BR-8369,0.19073750996650116,1.8296315056458047e-06,0.725353047589271,0.42199848196281453,1.0904057470685218,0.0020236490468419134,0.37759240640987785,0.24850935060433535,0.16454902195247922,5.417803488579479e-06,2.6292487747534463e-06,0.17700109194537764,0.15276233311764495,2.196749627900191e-06,0.11345156585083252
TCGA-BR-8371-01,TCGA-BR-8371,0.23584635449460445,0.3515059155053069,0.36415190816227994,0.28118659614567665,0.2239672168345852,0.17599867901716146,0.272475718421342,0.3402094069892649,0.22972708291040558,0.11279616449768197,0.3857047279834166,0.3361919282202106,0.25739834261284533,0.16304466957852917,0.394150842615056
TCGA-BR-8372-01,TCGA-BR-8372,0.20662928484385035,0.2931716577363474,0.32784048895566803,0.2873330406426263,0.27388951151208,0.1237592486657148,0.27247873433970143,0.670555674546259,0.21103866238154156,0.288087450204005,0.35513973938268467,0.3445569716666971,0.242568382983499,0.14787159829749613,0.3800729963306089
TCGA-BR-8380-01,TCGA-BR-8380,0.23589727091686968,0.3515467913628617,0.3644082881167948,0.2812841584666042,0.22493708381366687,0.17603060353697939,0.27232843583885624,0.3401419416519499,0.23137257278031956,0.11198560145573831,0.3850984128416789,0.33653904391006073,0.25729184391351095,0.1629405573296487,0.39403099512008477
TCGA-BR-8381-01,TCGA-BR-8381,0.38949032450348325,0.5123412346033166,0.5878640116609949,0.2388406226541658,0.0447246257576237,0.09745570426980547,0.233800829405781,0.6278246418586113,0.226447788435552,0.37700807436355,0.394611218862989,0.30521631870457694,0.22388915777381338,0.36579378880438923,0.3579929483208358
TCGA-BR-8382-01,TCGA-BR-8382,0.47046107441928264,0.21926445370917647,0.46148680595428165,0.2541557901915714,0.09385625078388218,0.16608488673171548,0.26173226028451296,0.6646322325927597,0.2240000586415358,0.3334824682524231,0.37570237833042264,0.31319015149836554,0.2872398155633378,0.1403153248985788,0.3443229932221004
TCGA-BR-8384-01,TCGA-BR-8384,0.1745089994478331,0.28679064814213856,0.35968763949445753,0.2887058249519168,0.3760780651205863,0.24902205196890811,0.2842073466194773,0.3144610961435231,0.35490508496023765,0.3855780388295081,0.1620821847122142,0.39362239534948984,0.21168359890293897,0.12324294759149582,0.4762574914045603
TCGA-BR-8483-01,TCGA-BR-8483,0.609125510416191,0.726080327590281,0.3628919176392229,0.11292799014242894,0.2661887089428876,0.27989686661565216,0.047470625842845206,0.7283775759300324,0.20331965521430018,0.43842571770680594,2.4369046323433662e-05,0.1577288108174467,3.196467847379456e-05,0.3396611161651489,0.09416847106759782
TCGA-BR-8484-01,TCGA-BR-8484,0.06735280504724597,0.25874959931290464,0.6250426110466605,0.0117393914985946,0.442145600491015,0.38377245675224475,0.00012330303788371275,0.42651336656181016,0.8012523948622357,0.03425548222321726,0.0008798217808459698,0.09174157533325152,0.2770018660257881,0.21378453812007167,0.7226451547781289
TCGA-BR-8485-01,TCGA-BR-8485,0.31086054677192604,0.19648761573527931,0.3999491938021814,3.313510789366036e-10,2.320190948641526e-05,0.4587571716260414,0.05219017630641796,6.291449279296156e-21,0.06730068827630827,0.8370768010161304,0.27036401945884003,0.0013739565846017476,0.6976050838046386,0.1744883945658701,0.26619879879189157
TCGA-BR-8486-01,TCGA-BR-8486,0.008241379912465123,0.7857088119140251,0.23558903410262724,0.5521667286905079,0.27145502307072644,0.5739930947317178,0.3669387143636815,0.6779346792546336,8.332843176167695e-16,0.45617912689487944,0.10965271247681002,0.0018927800910222919,0.447283942680336,0.2447641100175311,0.03784477447344541
TCGA-BR-8588-01,TCGA-BR-8588,0.5224456944211027,0.23465817472327619,0.3147064737225724,0.48617836837090106,0.000105548445829988,0.15415581109720253,0.472984516923053,0.3937808301950081,0.46039353431555924,0.3465557574140103,0.45184182409492596,0.5849186316454142,0.23741022620399585,0.11585447267685099,0.33157513103999586
TCGA-BR-8589-01,TCGA-BR-8589,0.2523747114609068,0.34456998645847575,0.40480695445583886,0.2947928440723103,0.23288239078306258,0.148530079416321,0.2519133800474994,0.3278247770172605,0.5418129272681967,0.13715467498800862,0.3900655109053721,0.3783547495189079,0.23523252214010817,0.15474999391036293,0.06903036588233734
TCGA-BR-8590-01,TCGA-BR-8590,0.3501075299924823,0.5041493483399985,0.004284814663418557,0.3089608969057154,0.22007511260563692,0.25087556895701374,0.2592548390135607,0.7638062943902073,0.6783152837794292,0.012584574379681563,0.24160871552748897,0.39122592369814685,0.2131380136785428,0.11257807611527099,0.31808670203435363
TCGA-BR-8591-01,TCGA-BR-8591,0.18615557863201168,0.2999204474013119,0.3063057716029984,0.29008214497260343,0.2903335659869657,0.11863196543959814,0.27323009651450314,0.6733811429366496,0.20951501692304905,0.2854239052532547,0.3473006593399408,0.34273831272527655,0.2401520494080229,0.14942480714439987,0.38880937779874053
TCGA-BR-8592-01,TCGA-BR-8592,0.2358559603376127,0.351680413490086,0.36444006909707394,0.281280282510952,0.22519348975653442,0.17615735822276943,0.27238977660226177,0.3401928917168918,0.23125550096570563,0.11162064331294862,0.3848699697242215,0.3366986483249715,0.2572782918518038,0.1628666865950342,0.39403497412341765
TCGA-BR-8676-01,TCGA-BR-8676,0.24379926305619481,0.31093390538178317,0.257197356419417,0.3091867584686168,0.28609951281675494,0.09913439564350432,0.23842888629423217,0.6677220379813947,0.5196273276748922,0.2727140182432857,0.3462363178136413,0.3270298937121465,0.2224736216607546,0.14058536228230553,0.37546723865986087
TCGA-BR-8677-01,TCGA-BR-8677,0.21312932218847608,0.44325787486842533,0.29447455472406797,0.3592144928135039,0.20950823761609164,0.5970705880561105,0.3276690314640578,0.3832956490242201,0.18430982457153233,0.1489123426605908,0.16490165969588255,0.2800834605694136,0.2572864587597445,0.08753754757727142,0.11253024873428841
TCGA-BR-8678-01,TCGA-BR-8678,0.49973235893754453,4.0380751406162834e-13,0.19985678292371054,0.4796917631668399,0.18818629444607987,1.6470988222888063e-12,0.2250219945713221,0.32535539461788526,0.0005918333286028737,0.16104938961003112,0.4877932977142135,0.45746419757778345,0.868704524958121,8.15828633814163e-09,0.6015201967308099
TCGA-BR-8679-01,TCGA-BR-8679,0.3051603925645102,0.4671491542358603,0.8022414663811862,4.458115918540833e-05,0.26772870011313643,0.23886539463642345,2.2339999118058548e-05,0.5836453805968207,0.5480112922385049,0.4671934671537168,0.20570975665659855,0.059154613571445885,0.2541809460804232,0.30571266776094164,0.35101515777651177
TCGA-BR-8680-01,TCGA-BR-8680,0.3184525059462338,0.4589696391161348,0.09138188122778812,0.320605099877836,0.1326059535507201,0.3359874293264226,0.3011006990838601,0.1120075390721093,0.22283340632303078,0.2746782829148595,0.29350219977078323,0.39196242335363163,0.2693294824402843,0.16615427151868745,0.20164206195680964
TCGA-BR-8682-01,TCGA-BR-8682,0.5834807241337251,0.6658386933552229,0.2591717545069655,0.00013245048151974527,0.2522776440401163,0.1495259679889203,0.6207794556092058,0.05466222403941565,0.27819876518479913,0.5132405493310458,0.2503824386413955,0.04965384119117978,0.14329717692568159,0.42345200716577136,0.39304765022009597
TCGA-BR-8683-01,TCGA-BR-8683,0.002531174995859242,0.5724306625563679,0.5526818632956786,0.15428121735540545,0.0329588967095006,0.343898157288623,0.2693300319266389,0.02335781086934653,0.34060736161707944,0.5238225634276983,0.6114132306756981,0.08663117859762805,3.3638053886423835e-07,0.37346796203990584,1.3305580196216502e-07
TCGA-BR-8686-01,TCGA-BR-8686,0.589772723648618,0.4025755029216275,0.420179583998092,0.08887771720053778,0.4183002096313097,0.1651857303349202,0.07112868588972217,0.3711436782272045,0.25583185060831737,0.23095890049424808,0.003731850307575611,0.14597523531022014,0.3160654275723799,0.17757825037639127,0.13775716102351554
TCGA-BR-8687-01,TCGA-BR-8687,0.47918515801387535,0.35281396180593455,0.018474256422987775,6.147726834530545e-11,0.12991003357965428,0.7242867514186964,0.29479340298263607,0.21085244073594575,0.5607921288415136,0.7064526599298038,0.33270316714835113,0.023403005056554002,0.509221500278872,0.09492200155161673,0.0387176532502639
TCGA-BR-8690-01,TCGA-BR-8690,0.5957965086715897,0.20135969334207307,0.38657509480872315,0.34422172400341844,0.008976864777171346,3.4571188534720964e-06,0.2878323036515249,0.3777002409268423,1.7254716925276508e-07,0.9062910036698477,0.14972695661270174,0.3714982325006695,0.05698268343287418,0.560143393270961,0.09785836689282958
TCGA-BR-A44T-01,TCGA-BR-A44T,0.23594838522417952,0.351649766549824,0.36426182292428444,0.28129174938131674,0.22498721076849787,0.17605049526717664,0.27234766419263196,0.3401992527134971,0.23134087844957968,0.11185481064124038,0.3850409389849748,0.33658556074229523,0.25728761174149567,0.16293504229121863,0.3940346064930015
TCGA-BR-A44U-01,TCGA-BR-A44U,0.6417440821768977,0.47003827794347025,0.0010932924652085794,0.6316892081077888,0.1879643746410498,0.5735080449621132,0.6120359947678307,0.17808318675810766,0.15338290345947467,0.5416827668564824,0.015458576658234906,0.1170045106455369,0.1554221991152109,0.47229826729530383,0.12054526404805695
TCGA-BR-A452-01,TCGA-BR-A452,0.10825880249347866,0.31102113411929455,0.8732053729388911,0.5236103340403654,2.6334764206577905e-07,4.332249374531265e-05,0.15573467259025175,8.43069788123981e-07,0.18569290447459044,0.8562663022169056,0.8155133431680224,0.30190906020406555,0.0005649368110531456,0.08352804043532235,0.060695470172549996
TCGA-BR-A453-01,TCGA-BR-A453,0.2258095274152778,0.3453985658455724,0.37428935549940967,0.2863699218380521,0.22208037321854493,0.17437051905200607,0.26414241246236564,0.32969318967713235,0.23887270224692211,0.1317936535459211,0.408876794726662,0.3255288819531018,0.27283113843941187,0.16033875594982894,0.3895479016781381
TCGA-BR-A4CR-01,TCGA-BR-A4CR,0.4928739992067302,0.35636691988577407,0.40366503454232433,0.24428639644159877,0.0026125573315688654,0.04299647713857375,0.3059477870644192,0.06861066456608764,0.0022973198366332457,0.1669830484889964,0.2454579258519221,0.3695302828456441,0.8896880915803801,0.18091629489517386,0.403441689778231
TCGA-BR-A4CS-01,TCGA-BR-A4CS,0.2374986060307131,2.9017692466248557e-06,0.27455014099354014,0.0910704798352393,0.8607447675560321,5.1754156955440945e-06,0.05717452094121427,0.6303557443040703,0.24326637774535861,0.32817866487959185,0.23889559860001391,0.1547291652810201,2.017723159625726e-09,0.030234115719991995,0.3279077271567667
TCGA-BR-A4IU-01,TCGA-BR-A4IU,0.218258426169586,0.30563076807480005,0.30106225334138237,0.2839558174765865,0.2871461529875915,0.1360233431699698,0.25196727714352424,0.6671779071841647,0.4937714774368129,0.2551936462583584,0.3241739111104287,0.3549646064728898,0.22043013542433074,0.13045056104581063,0.3787073175539182
TCGA-BR-A4IV-01,TCGA-BR-A4IV,0.2214584474404446,0.3306674586300745,0.38631237069002167,0.2745117810242684,0.22206914272476685,0.18732226838076618,0.2653054828288671,0.3369905606211369,0.23015027275604688,0.1033007990321115,0.37747309504552307,0.3419853194670418,0.24820816091713077,0.2781318562627826,0.3933395158955967
TCGA-BR-A4IY-01,TCGA-BR-A4IY,0.2870282792458468,0.7547860871998295,0.2878348779299186,0.2380069531231805,0.3159752950653102,0.15193526488562542,0.25805208416807485,0.06495595951399914,0.0020601374578963004,0.2691904554843714,0.4081859875087079,0.5691110351356892,0.1374292691737719,0.41086550805838457,0.12472143472911694
TCGA-BR-A4IZ-01,TCGA-BR-A4IZ,0.23656842722034394,0.3520297847177571,0.3628250166981084,0.2813783400409311,0.22435862919090516,0.17576905803773507,0.27227188871199903,0.34050788377830193,0.23152815795431908,0.11218393681242313,0.3854446124267959,0.33635818616058627,0.2573095253553709,0.1631712551636686,0.3940325308686138
TCGA-BR-A4J1-01,TCGA-BR-A4J1,0.6393645787151878,0.6395476166061029,0.10666671404199272,0.0802978185506722,0.1403194694761633,0.16115466714669063,0.048090257700110786,0.17709246665382164,7.040576464714163e-07,0.9160794923152167,0.019010551421077364,0.0014746055153722064,0.02601612518782045,0.4511419346419208,0.8623659515832107
TCGA-BR-A4J2-01,TCGA-BR-A4J2,0.2744340707988593,0.3762230060563774,1.1876530699618946,0.26469488946093156,0.1396590196844042,0.3208465760273791,0.238969506268778,0.42468316522910554,0.24808314769743584,0.217526521750845,0.11206487066472452,0.41259814852216414,2.0305585126962385e-16,0.2568990232047426,0.3706506596217824
TCGA-BR-A4J4-01,TCGA-BR-A4J4,0.33021736078183506,0.7413319442944052,0.22649567446641328,0.509064942604156,0.28011221289739574,0.18103395006201944,0.4378797141957163,0.2676485446157501,0.3902624078025507,0.0006975276549026132,0.615739372280178,0.5641544741139918,0.05726506652606212,0.3286523080144298,0.3060797024304142
TCGA-BR-A4J5-01,TCGA-BR-A4J5,0.45315532055835267,0.20087757718601343,0.5144298997294144,0.24612107783781437,0.10714430574868236,0.15641864455057577,0.2554074560334231,0.6492319653169024,0.22496044199710347,0.33952821503240993,0.39072494046151096,0.32246514987030783,0.2850578260872877,0.14009617168700997,0.34484490896705855
TCGA-BR-A4J6-01,TCGA-BR-A4J6,0.13021869037368283,0.49559164915525167,0.10235614543814749,0.38803637062375657,0.30942344104269953,0.36944927700445324,0.34213232073503913,0.40692824465949756,0.24301482458977816,0.16141025977867862,0.20209139907852283,0.1324818471529213,0.2140672891231012,0.17205155500430586,0.16871634199293312
TCGA-BR-A4J7-01,TCGA-BR-A4J7,0.12843561407573506,0.24840546655684898,0.5962537392233944,0.2702409624241327,0.2778624762319857,0.16196912599020533,0.21329153269583795,0.5952178430056535,0.5694425744630077,0.0036016709993884717,0.40151316735071535,0.21898638762074987,0.20525955864755138,0.5274620657834166,0.36422467238601075
TCGA-BR-A4J8-01,TCGA-BR-A4J8,0.219068531356448,0.6193480212482024,0.9185056609019037,0.0001742331810727269,2.6712996533815135e-09,0.7849439510148183,0.05315807634077629,5.782001167266621e-06,2.175687798879471e-11,0.23451988769319335,0.18224953312267475,0.023499019710497136,0.3882942930749545,0.27150831961128713,0.11363625699489957
TCGA-BR-A4J9-01,TCGA-BR-A4J9,0.45829214006664737,0.20607579203744783,0.49354303955884715,0.2526448090776926,0.08086438865840732,0.17848357862865394,0.5509807962084855,0.6598322086891097,0.21885968306298811,0.2859622109932709,0.38503538200309795,0.30879661421888416,0.24768268757285616,0.13796449447287643,0.3266545648643691
TCGA-BR-A4PD-01,TCGA-BR-A4PD,0.21486945591755732,0.6661771633184544,0.5648572654781746,7.502937231971455e-06,2.1787635215596036e-08,0.401083372325385,0.6377669809089698,0.34844539704541605,0.5428352388009335,0.011120791564126148,3.197857906109341e-06,0.006296226606924838,0.4920237674064663,0.5830928556900182,0.6695558931211478
TCGA-BR-A4PE-01,TCGA-BR-A4PE,0.36036160840344367,0.5193420819288344,0.7896945724234039,0.9247523020483138,0.5005987310045493,0.22320570769008957,0.5306937585655007,0.6188550792967912,0.40074040908742414,0.27151452495176265,0.04337374140378994,0.08266590156648626,0.04373340282506966,0.3580721174278809,0.12573421213892694
TCGA-BR-A4PF-01,TCGA-BR-A4PF,0.5337938246990489,4.0915825902894023e-08,0.04726642981288947,3.226065758982009e-07,0.0004624567561990333,0.45261411069722646,0.023701489259269327,0.1565589613963388,1.2464264322899987e-07,0.34397830541967533,0.4405515295379853,0.00014779854965641891,0.3963861229381208,0.5138323762504894,0.6812750547105654
TCGA-BR-A4QI-01,TCGA-BR-A4QI,0.3251847817618181,0.008660566175766264,4.489136372734886e-12,0.41578603366770894,0.7130147048889085,0.3323436485019536,0.2826921182081167,0.09583420850046259,6.696089874587004e-08,0.8931841714908507,0.31384169399637313,0.3435129445153481,0.6454948023677277,0.4335918929459722,0.02507311962389274
TCGA-BR-A4QL-01,TCGA-BR-A4QL,0.2052101574865343,0.2926999130637413,0.3309618134807766,0.28481034284802664,0.2731353074797373,0.12199895398451681,0.2719880963744645,0.6706519805138828,0.20919609982762458,0.284451969784197,0.3620414432998477,0.34283741473729895,0.2457870459520938,0.14818131504812102,0.3828517782572229
TCGA-BR-A4QM-01,TCGA-BR-A4QM,0.4990206356665696,0.27284203099278487,0.5019578606726517,0.2506179552385318,0.04255452648760268,0.22032485835692175,0.2624427685830097,0.3331089624755158,0.24739136738520343,0.1571634146729959,0.39964193207967336,0.2979167141792035,0.30299853800585697,0.15450658014617674,0.35393250020869876
TCGA-CD-5798-01,TCGA-CD-5798,0.26786301172805566,0.32068493215384647,0.3591536338831175,0.556325066890993,0.09827968772324255,0.23442459678281136,0.202177737235782,0.319977622425434,0.17089117771624024,0.07577596232259506,0.4335732341800998,0.454224515616707,0.1247244241272818,0.14134688986254293,0.7200031765109243
TCGA-CD-5799-01,TCGA-CD-5799,0.23707451463633936,0.18971383326233768,0.8182236040274187,0.02700342435432629,0.26972853893323695,1.0091437226045141,0.010393214158651585,0.3290684364960626,0.43334071109631145,0.25226715007102335,0.0004385864866474907,0.17559559272663985,0.3280061723388989,0.23357130676558865,0.052085169865520906
TCGA-CD-5800-01,TCGA-CD-5800,0.766132658187236,0.4080728693352736,9.537719499397317e-10,2.143816520941447e-06,0.5636145577357158,0.34745164603699435,0.6640471319236033,5.791411909513347e-39,0.43706630557854703,0.4840500908540428,0.0741483354936966,0.034241085533261696,0.2908544620431343,0.18323130494715958,0.335444730833838
TCGA-CD-5801-01,TCGA-CD-5801,0.048973149786555696,0.6692190785621922,0.6291052214444389,0.5165283785275725,0.0804836417657548,6.06226533921411e-09,0.4937252143566568,0.2406763297421623,0.5004379506066943,0.039527314188429634,0.34208820280992086,0.6403987796038577,0.5451556961389724,0.29982682226745166,0.014677106535522896
TCGA-CD-5803-01,TCGA-CD-5803,0.2169889515369856,0.29282830230042284,0.3722638115596972,0.05717127987059768,0.44545058736267296,0.06792303745616776,0.024017084990088887,0.666238027298686,0.584074493588596,0.412756859705429,0.254289385044419,0.12759159885495128,0.2489714499345522,0.1684959840751764,0.05688842691314928
TCGA-CD-5804-01,TCGA-CD-5804,2.4157329145219386e-08,0.8067454654465805,0.1824520590730794,0.5243546809229978,0.3819268084403479,0.5484249743326723,0.5946265654191898,0.17436713242361118,0.372777726187245,0.31643464729168197,0.014754180530559956,0.4278918226684997,0.41512013849614593,0.22957393263115988,0.19968700068400538
TCGA-CD-8524-01,TCGA-CD-8524,0.14391310134262997,0.00022775788968847817,0.4224245573979403,0.32236263499458667,0.13270047728131762,0.1845179292815831,0.11075175996452087,0.37084322062888003,0.3797451589700749,0.30977939726553305,0.3487136077808557,0.0019559652235162173,0.4286059951538113,0.30730680119261033,0.03311575752304312
TCGA-CD-8525-01,TCGA-CD-8525,0.33272052751171555,0.31133427775902073,0.011799360329313058,0.00035735653561893405,0.38453479052155815,0.1257400430375658,0.0007454994758112431,0.42131782232032855,0.645806739024356,0.4326225577761752,0.6380371070105636,0.000269823006616037,0.6352734112248958,0.20756656646503127,1.6581612305249682e-06
TCGA-CD-8526-01,TCGA-CD-8526,1.3684776401056766e-07,0.44480367389479747,0.010758824660425013,0.7259572295692174,0.24750127941945935,0.4684706489807353,0.3241755132257358,0.08494887794327553,0.17348090012327744,0.7028662158642093,0.0007368941712301199,0.14040265565223675,0.1473713032711952,0.1418576595744609,0.24778889430005352
TCGA-CD-8527-01,TCGA-CD-8527,6.06390674912314e-11,0.0019970988591778696,0.7790421185076762,0.04447673484425921,0.9119023373256471,0.02605543320495525,0.0027066676620971218,0.2240535543923266,0.7334817285413362,0.21056802607773503,0.00011419253870507541,0.25195237658064923,0.00046205129508619425,0.49084133154285414,0.21282301182983393
TCGA-CD-8528-01,TCGA-CD-8528,4.779919021594148e-08,3.70394452953605e-07,0.24580667499882042,0.2247369851341038,0.25346319479723073,0.11215649928985828,0.17012045500805043,0.33113918889806,0.5619825598679786,0.2714315848336148,0.6696484242504908,0.35069129886232225,0.4308736007951377,0.9474317916315957,0.0002593469694461731
TCGA-CD-8529-01,TCGA-CD-8529,0.3804785086011149,0.1677757979376606,0.007578151370215641,0.2637210351340424,0.44965839216559134,0.7018073267824187,0.2325387680404053,0.36624683417624443,0.339073325265034,0.00049260714756103,0.4748019552601258,0.3090163343294436,0.3861898528366496,0.554362377341846,0.1177168913679233
TCGA-CD-8530-01,TCGA-CD-8530,1.5813061506433702e-10,0.4239908302608706,0.1561540850254854,0.4035008198656695,0.4093633092174463,0.007900634596145763,0.30580661907703444,0.8027513336916778,0.5424427312529222,0.2156871742046795,0.024999389509112586,0.1329718827253143,0.17285469188354258,0.5037017390185113,0.4696713898930492
TCGA-CD-8531-01,TCGA-CD-8531,0.31128782908800867,0.500884396809542,0.15127659167766733,0.34076249198281117,0.15709094933705992,0.3376171330888663,0.2956192662013723,0.38138037528552077,0.19997743286909464,7.226834698047116e-07,0.29888514072819733,0.353980019821361,0.25311747624128167,0.15437762140407857,0.21805142657810625
TCGA-CD-8532-01,TCGA-CD-8532,0.3369681749127376,0.45193766160322996,0.14122400103781907,0.07460284649427279,0.23030476933227562,0.13280986791710578,0.04609347582728842,0.4306198079418706,0.3391459981597197,0.2317121959556351,0.3450780333402501,0.07764307843650503,0.26375859238250215,0.2300881659947146,0.12868814321849012
TCGA-CD-8533-01,TCGA-CD-8533,0.30105323618937785,0.30338011332948867,0.300207234108499,0.0022708171239830123,0.017853245687244893,0.6189456388511866,0.026015169146704924,0.07766075954176524,0.2883632077026358,0.6791640793346473,0.31686961480945125,0.10282046565349197,0.4631014894996063,0.450038040233558,0.02435732394599886
TCGA-CD-8534-01,TCGA-CD-8534,0.3263307182507612,0.00012989053718814858,0.09727077069869317,0.03598571242318343,0.3630287934842972,0.23955234440901205,0.3291417165764954,0.4013898865985845,0.31816303943266294,0.19007162396189778,0.49080721098254554,0.018663058868998016,0.21996176617730143,0.730985215059406,8.516094230992775e-05
TCGA-CD-8535-01,TCGA-CD-8535,0.5283057815102126,0.41651091802305445,0.024069136313017284,0.5637150906121225,0.0008615774697664977,0.00268169176302945,0.5634198670773019,0.4314275434745107,0.21052155425735486,0.2863611275167373,0.18985993267729467,0.6006540012725727,0.5047408946899208,0.20525408000659848,0.3861951020697232
TCGA-CD-8536-01,TCGA-CD-8536,0.15200202961889922,0.6238772146629294,0.41501125401631594,0.2720935617029035,0.18819147291856478,0.11948477166813945,0.24984927215117964,0.6496442759210024,0.20283451771739777,0.32639084602524215,0.36543533934632993,0.33384318659722206,0.18983494608333196,0.3397567116236506,0.3688550313999012
TCGA-CD-A486-01,TCGA-CD-A486,0.28315998900146194,5.069188354999333e-05,3.719604671977371e-07,0.04766537652841526,0.6449609667105676,0.8425710813526854,0.4266955875661647,0.14626595357189182,0.09530290113718211,0.7236404517326902,3.1410065184486226e-05,0.18478866560670865,0.4122883535721046,0.7165456212215177,0.06423038048111686
TCGA-CD-A487-01,TCGA-CD-A487,1.8395295026280694e-09,0.12228155989650291,0.25444105998460015,0.32849183572130775,0.5361306224925674,0.12449937187202499,0.4082549566410454,0.6299259014561146,0.6976210733418332,0.21357458082065173,0.2731414259493479,0.40500545492231016,2.6496152938502715e-12,0.16072267556504918,0.4402603482628167
TCGA-CD-A489-01,TCGA-CD-A489,0.44778375811286975,0.11734887948513686,0.0017435112165380205,0.20434041642005452,0.4376931076473369,0.005391555031863351,0.5673363238869095,0.40599356925960284,0.21651691046883456,6.884131747221886e-06,0.3630716773990674,0.3629408945023132,0.23316068384829813,0.15555696365007532,0.3588930107848094
TCGA-CD-A48A-01,TCGA-CD-A48A,0.42448540983587935,0.697951046317625,0.5757361359611411,0.2704933464722155,3.583739113908939e-05,0.039604792361336745,0.5888243193659384,0.30414160446356736,0.6307068514359891,0.06083857327881502,0.21749852073193182,0.07432356247343748,0.29752646362668267,0.36990337802731754,0.07953927588076327
TCGA-CD-A48C-01,TCGA-CD-A48C,0.02845603070308545,0.0001651929824738108,0.37707647219792056,0.05329724982934661,0.18665300841650434,0.024317855895042078,0.007143603477717035,0.6283281041869788,0.6443280421979106,0.4888740560098018,0.09206302899213037,0.208956668390612,0.67734076481639,0.6477408716644524,0.08221282941497131
TCGA-CD-A4MG-01,TCGA-CD-A4MG,0.3783155676874145,0.48718493764626997,0.6863086619931308,0.24990272890237225,0.026286332303518196,0.07630708054673539,0.25354546745481416,0.6271941399228421,0.22582473771785486,0.37770013652484974,0.23700933353334994,0.325434901299916,0.2600169370639113,0.35103773147939804,0.3863841289287382
TCGA-CD-A4MH-01,TCGA-CD-A4MH,0.42445512337259494,0.8942775003274978,0.28297837297972805,0.5564556689765056,9.9636246983198e-12,0.5700244255657911,1.0428415552009641e-11,0.00011409666866177605,0.36912968575202854,3.38890854405754e-08,2.4272262637251896e-05,0.6276346697703971,0.563596329892604,0.21137662928570894,0.16114945845245277
TCGA-CD-A4MI-01,TCGA-CD-A4MI,0.2353320238001428,0.3508334925698058,0.36735125280334063,0.28112508560021326,0.2241418875550295,0.1786391384944273,0.2724960491770678,0.3401137989018163,0.23106631715567708,0.11228698273614669,0.3850918104637203,0.336206573194622,0.2574521161796393,0.16250447730677411,0.3936553003541905
TCGA-CD-A4MJ-01,TCGA-CD-A4MJ,0.20745543997307514,0.2932386579185854,0.3255632966250475,0.2866680476275023,0.273947184623667,0.1193952324452644,0.2721684321601298,0.6709499739671455,0.21309266610421027,0.2900588019246213,0.35916236542481456,0.3379231976831162,0.24347926816312815,0.1488999722219249,0.38402200695627514
TCGA-CG-4437-01,TCGA-CG-4437,0.27942303786408335,0.07615842610005337,0.5770694924573879,0.5003082996322354,0.43289253060671046,0.10820360897804332,0.23085784740390916,0.00025471617566909054,0.7397836828374669,0.43959389949074373,0.008136490482413982,0.6183404260323337,2.970810223620627e-07,0.186259035636376,0.19537233851334054
TCGA-CG-5717-01,TCGA-CG-5717,0.2646467525809835,0.16228762913264702,0.05654496437890355,0.21444544671825552,0.2460970358764682,0.23961117668374532,0.19045844401147025,0.40177458567194346,0.24158143859909612,0.8332991960990804,0.835447452761248,0.2477758140888378,0.19383202903935004,0.1824092088868871,0.3031700672970652
TCGA-CG-5718-01,TCGA-CG-5718,0.016921469273826262,0.7634220367377853,0.13141774394597894,0.010773708741893154,0.30726576853393733,0.4064100654555435,0.4757371879038457,0.08903412741406388,0.2384871838985076,0.6527650413810984,0.02387510429848735,0.13701582227418166,0.7347234586183108,0.30338976138547397,0.18836431500702633
TCGA-CG-5719-01,TCGA-CG-5719,0.7356265767681127,0.2691495052060947,0.3625656932460078,2.0694140838855047e-06,0.36398048826641866,0.1401928322966483,0.23998932035744,0.284503115354279,0.5906400635046226,0.17662239643195243,0.8016977580039429,0.0002563728856438902,0.10998117996777435,0.23818668031316442,2.6296250629841778e-08
TCGA-CG-5720-01,TCGA-CG-5720,0.24052298424014282,0.3567916885586836,0.3550080120484478,0.2857411741119699,0.22211089429102135,0.17425382559387667,0.27426931408544014,0.3397418510581106,0.23736854298784174,0.12063987563576822,0.38867540850447885,0.30449892896099606,0.2535098629423736,0.16362787453930638,0.3929759015540897
TCGA-CG-5721-01,TCGA-CG-5721,0.2242239417569494,0.35317575518117156,0.38670005483195025,0.26676719787642916,0.2274384684741285,0.2043898191498605,0.2723498678030147,0.33812964971556175,0.33573451704109136,0.08814456477615056,0.3549471212351662,0.35300298955854004,0.24789592304203859,0.14746053890491234,0.3953329276416433
TCGA-CG-5723-01,TCGA-CG-5723,0.24783699179620683,0.34775424636292906,0.3613961688885519,0.2797788220875164,0.2165865663912111,0.17810572780748563,0.2691341854938488,0.3416666995541212,0.23585102760076934,0.12440955778592482,0.38622567529776997,0.3291427583774204,0.2578569567676562,0.16068373641515424,0.38630857266134944
TCGA-CG-5724-01,TCGA-CG-5724,0.5963779097503275,0.2714616203109162,2.979160474747479e-06,0.028536290077263538,0.4360822412091343,0.7517645059057074,0.2913729523768669,0.20188929704414768,0.4847744346003868,1.2088062356621044e-07,0.3121019785427976,0.0004939373894225264,0.4091251191938528,0.5987582571239916,2.000984450354527e-06
TCGA-CG-5725-01,TCGA-CG-5725,0.3938354673875879,0.8146898845950363,0.0003405895806929607,2.178560596640454e-07,0.00749651939713937,0.22806340269598907,0.30941209183127016,0.6846766354147573,0.598027184225987,0.05959085304138207,0.34525266328254167,4.7081501344177136e-05,0.5672927081542907,0.31945377554722065,0.26120193720973695
TCGA-CG-5726-01,TCGA-CG-5726,0.09517143969266043,0.5488624123283378,0.593233587849085,0.2532620505232521,0.23151150307811472,0.09170452034848246,0.23924686909237539,0.5990675072534386,0.21631913464453253,0.34186973768518925,0.40488055581685095,0.3104342155295599,0.18801942751482323,0.33336889529276437,0.38654824693106343
TCGA-CG-5732-01,TCGA-CG-5732,0.562603263079527,0.18229061024714815,0.3396472618616459,0.27487028608977,0.030850081372640566,0.3797716202841097,0.28392051922031314,0.08654682289442639,0.313726200055407,0.8130921211043285,0.4288311917140447,0.053981169215335974,0.08963828963108102,0.1782071171536511,0.16180553250524937
TCGA-CG-5734-01,TCGA-CG-5734,0.5972346587583567,0.3709018168026926,0.09677320978736716,0.28652902152223053,0.04458137069769554,0.2689571641005444,0.2776129229101024,0.4218512287274446,0.20150076540766854,0.3520558992382466,0.3289457995660494,0.34099274639750593,0.28109682163910166,0.17947246635708625,0.3403932998607494
TCGA-D7-5577-01,TCGA-D7-5577,0.45062188664938946,0.32546513626958357,0.47644348630097483,0.2762601279036737,0.05585106773716106,0.3503918058295832,0.2833471478631352,0.3357526064410176,0.23204633071336242,0.17946957610555359,0.34254053007303575,0.3321802255795479,0.4492243819390641,0.11371356042673471,0.08569026949584596
TCGA-D7-5578-01,TCGA-D7-5578,0.27540014263703483,0.5173475934377162,0.62034882813575,0.29344494872432536,0.09028654451899837,0.0023508193837485473,0.6662975917353758,0.1906653660217687,0.0028923999922828374,0.6715317890769859,0.009221444586392223,0.027344429651984765,0.4767207048452993,0.3919335329520513,0.4383494555551071
TCGA-D7-6518-01,TCGA-D7-6518,0.35672548148628175,0.7671794194068606,0.6269656131331067,0.30330092376896733,1.4346670308893184e-05,0.44174191464326107,0.30112984560743117,1.0251192310554065e-05,0.2063047494918873,0.031221335999334326,0.03208370997704633,0.37226890533246815,0.6087414985555539,0.28021610175011413,0.12620434538339495
TCGA-D7-6519-01,TCGA-D7-6519,0.1764117081258252,1.0823215044916692e-09,0.44412877976751486,1.316367807431809e-06,0.22572259337710188,0.1671862999620772,9.964694181428183e-09,0.3268640666644191,0.8833080791874149,0.1911125450556553,0.6010698118064068,0.03237260501694278,0.2914848973053843,0.2773233676161101,0.05425561585080296
TCGA-D7-6520-01,TCGA-D7-6520,0.0027090343140119704,0.6537103395925918,0.34720097677407163,0.027516494500163656,0.3620963718368404,0.3174379288121695,3.3271791391038097e-06,0.31620281348849477,0.2727287254564081,0.43536433685286346,0.4874076740809876,0.03501549006061243,2.233878038220624e-12,0.375120767872281,0.41739050902310765
TCGA-D7-6521-01,TCGA-D7-6521,0.439793031967186,0.8123127579121958,0.3142765470372459,0.02939149374889718,0.3258195332153337,0.34963522646263906,2.9561332666231158e-05,0.024449829928049272,0.5335454022138457,0.1467298294993962,0.1653064752776794,0.04576158747509798,0.17031367018911328,0.5308692894191243,0.4997142054752813
TCGA-D7-6522-01,TCGA-D7-6522,0.23584291166054264,0.3513779066791334,0.36458991045298367,0.28127474503169997,0.2248058334503849,0.17596533557869334,0.2722870162678578,0.3400545119286019,0.23144568914685013,0.11224749330044038,0.38523617307565755,0.3364360350338295,0.2573007741598917,0.16296906054981872,0.394027064056711
TCGA-D7-6524-01,TCGA-D7-6524,0.472082282973149,0.2190943376930852,0.45700820774311085,0.2550746063833662,0.0942266216406611,0.16784440367461853,0.2618120230126384,0.665690820172516,0.2227789186404665,0.3320868827674159,0.3728079201486728,0.3149243916904703,0.2858496961479874,0.14132599212081584,0.344395969077036
TCGA-D7-6525-01,TCGA-D7-6525,0.00018153401971996575,0.8836365772526104,0.03183815038944881,0.07820289501458584,0.6614392647110211,0.07826163748077794,0.08479629900115504,0.34856666148394855,0.2506931927366804,0.47402424054745007,0.3998480135705381,0.11195971685542527,4.181114441638753e-06,0.7484369493360274,4.120861172810343e-09
TCGA-D7-6527-01,TCGA-D7-6527,0.5447998526591881,1.0035133802934457,0.005525680222103439,0.6440574629631545,0.004676926831212322,0.5303338426576343,1.046436420253543e-10,0.801543950933225,0.4239213514630439,0.012683295079643404,1.1315753304286099e-06,0.13898899023456396,0.5160972403100667,0.24051189445942917,0.05622907531287026
TCGA-D7-6528-01,TCGA-D7-6528,0.09250522815870507,0.5392508746421761,0.401156179423364,0.4305594258540799,1.59348363415117e-05,0.42642801689961174,0.479014060098771,4.715969389679593e-09,0.09433627172589322,0.44339483036761,0.4425498687628072,0.5785412491632725,0.4819865112170803,0.27894835457098055,0.6234119859293554
TCGA-D7-6815-01,TCGA-D7-6815,0.8172491963599855,0.054912949099044664,0.012419941775919364,0.10064639723634324,0.724701213761382,0.21246513953553145,0.004544357194225634,0.38132344109897387,0.4097698455567283,0.3698007742760336,0.21292579307606724,0.09251733698860849,3.1119835105274194e-09,0.6736878423504413,0.001361221014946495
TCGA-D7-6817-01,TCGA-D7-6817,0.07637806869035348,0.1253084344183863,7.710133926163119e-05,0.2941727468604209,0.5849705724822478,0.17956494429364647,0.059561588276561835,0.7764955744029439,0.1823323946984304,0.20157133722519863,2.23680333442666e-07,0.09173027836226828,0.14477026372086532,0.6506948963533885,0.8101548185281083
TCGA-D7-6818-01,TCGA-D7-6818,0.5917657629739937,2.074918316828878e-20,0.000900858027813987,0.47839489251014394,0.14509631574674395,0.2560868833134174,0.4859553685308396,0.7052171350295567,0.13331328724022737,0.12245739184268234,0.5543736157300058,0.5245152178458665,0.7216007575971148,0.28222754920321486,0.17106211767051727
TCGA-D7-6820-01,TCGA-D7-6820,0.39711789697626393,1.7042110631968647e-05,0.5058952779960003,0.01546853610140487,0.5695195824080895,0.2926618598927803,0.7209506599377451,0.12724630272149698,0.25521445569111506,0.13655528017967608,7.283961016517027e-05,3.5094489013762347e-09,0.5209594852641592,8.271937436106506e-07,0.38503188286885787
TCGA-D7-6822-01,TCGA-D7-6822,0.2925801189361965,0.32273829470827164,0.1113136926544876,0.5367366076955028,0.23091160201189398,0.14714431768480457,0.17776980328746167,0.6482358955880342,0.12135797612567019,0.27470735845338423,0.618578311959041,0.5905875484765462,0.23802867970324673,0.14074885543410776,0.24354885117830866
TCGA-D7-8570-01,TCGA-D7-8570,0.09180294543858031,0.7501712581734497,0.11244378052105815,0.22982874189401808,0.282308959118518,0.2929319287948341,0.22271071081462177,0.02144226427239182,0.516333643182502,0.34916655229570415,0.5662657045561703,0.2693133582058761,0.6191286048988066,0.3256127371608516,0.13962373200859507
TCGA-D7-8572-01,TCGA-D7-8572,0.23515025487310387,0.3537484977969844,0.35789665782700314,0.2812052717334323,0.2252922936534772,0.1734258204586234,0.27246837487947084,0.34112380466297043,0.23059810545309456,0.11176255418741642,0.3893004727998671,0.33440518055222457,0.25737313914900634,0.16297208407653188,0.3949877346135167
TCGA-D7-8573-01,TCGA-D7-8573,0.5351307680381283,0.6077396102255592,0.6529308780995013,0.24641589018299453,0.20692275893771123,0.008228797136353307,0.24582840572800305,0.26700302516265273,0.24410757820301893,0.1639251880100919,0.44342286188810365,0.32173505617968284,0.1634197310919011,0.3742638452621404,0.035242379634379636
TCGA-D7-8574-01,TCGA-D7-8574,0.4367492197836133,0.6098244569306596,0.5942712810420461,0.23385046961118847,0.0016213540323627754,0.21361894800918174,0.24181281945188285,0.30768927363203863,0.2282873356428305,0.18641723725917353,0.3955627242863565,0.30038842927342974,0.24428360926816234,0.34311191968830257,0.34327910645070825
TCGA-D7-8575-01,TCGA-D7-8575,1.8091985600487158e-10,0.00010831140291762906,0.425171621415167,0.6441847563317151,0.8079144553211062,0.23612845865323356,2.8254144448657007e-15,0.1388524120871098,0.20945458152997576,3.794815670764724e-07,0.553252367920481,0.05588049116909309,0.15036075872965593,0.38821076712945773,9.030012826799453e-05
TCGA-D7-8578-01,TCGA-D7-8578,0.09731478842902645,0.6979678722552829,0.41351934519944117,0.032203642543438264,0.27232437234163365,0.043195528658452165,0.0004951778201924222,0.2814739389765828,0.35178355787825527,0.3377531627504718,0.4353681930504524,0.07813386199858516,0.2173490597218839,0.42780934553060557,0.08507113319483593
TCGA-D7-A4YT-01,TCGA-D7-A4YT,0.5929008847453787,0.3030476477801072,0.4047192827012872,0.5013281264635949,0.6108899092085487,0.3126049414413312,0.7434154049666714,0.18752959285293802,0.08174429267027007,0.004119325822595684,0.7619171341439614,0.38784153275837346,0.0002844618667981192,0.11727166511826027,0.07073834455317073
TCGA-D7-A4YU-01,TCGA-D7-A4YU,0.026043043072044754,0.7781437067574569,0.09401621924758832,0.11384763896979533,0.6761146509663558,9.320075319821785e-11,0.03751476810328285,0.03473585704550886,0.5598904165200165,0.6562813937835369,0.0005627666059580948,0.20118040419310299,0.14529937404928792,0.4201457770775974,0.25493651708089
TCGA-D7-A4YV-01,TCGA-D7-A4YV,0.16722603635241376,0.2401961901527891,0.44325964511916416,0.2764354118260478,0.30452990371072747,0.10553577593074974,0.26301040552430427,0.6364367005702793,0.22324642278904097,0.301340552208895,0.38154415965655814,0.3318185866895771,0.24596938767375992,0.14746733201867018,0.39536097027674616
TCGA-D7-A4YX-01,TCGA-D7-A4YX,0.24475880981672626,0.2850452406814699,0.34654658084384893,0.2987691803501336,0.3526669646082598,0.012374415151142508,0.47080778986123617,0.6557034060969169,0.2133927186203451,0.2734036095471852,0.3651665124870614,0.3827937128798087,0.16459442469515717,0.49693222174806284,0.011428773969577193
TCGA-D7-A4YY-01,TCGA-D7-A4YY,0.17329328952005776,0.41412359819697625,0.3540170996849347,0.3219532194222449,0.24400533111390266,0.6114371852091077,0.2741883600205078,0.285536930489742,0.13067838716243685,4.253178714572152e-12,0.24221651375207265,0.2960782733853742,0.17313683944410094,0.08742455554318176,0.5141478651458925
TCGA-D7-A4Z0-01,TCGA-D7-A4Z0,0.47264092432452653,0.19652851923324172,0.48161379571496377,0.5278302869003241,0.009124947905251745,0.13752225028660872,0.500191543147791,0.6278091629478066,0.283033397067654,0.2729081609677576,0.4284542730608239,0.44035061596256264,0.25046711866215526,0.12021048056595951,0.31013221684317527
TCGA-D7-A6EV-01,TCGA-D7-A6EV,0.5399688384461379,0.09285289610623781,0.5187757513628598,0.3379574270199168,0.24620454880807585,0.44003177966788565,0.2679763841816642,0.6458343006002354,0.4988348415610032,0.5996573266147471,0.023324375533928344,0.06615335483838881,0.1023840919815606,0.7376803732961335,0.10764125909185406
TCGA-D7-A6EX-01,TCGA-D7-A6EX,0.035444832152978396,3.7449938817782634e-07,0.18966200415537665,0.26899690725186143,0.12846905872162512,0.15662842301351312,0.6988311794654908,0.7856286839814899,0.012782407720640564,0.2504307222608735,0.08438482355026103,0.0007661541949846671,0.6743894019090613,0.075778004834857,0.800265077131816
TCGA-D7-A6EY-01,TCGA-D7-A6EY,0.3378843210596578,0.3935724369389001,0.13129907329526977,0.5683720619839415,0.37558960286051485,0.0799242759854364,0.5191943833141041,0.6680791416438844,0.08510266705383888,0.10743989105117577,0.3501875453422541,0.6295046189826906,0.15527418175815688,0.12883379331234526,0.37185431016378856
TCGA-D7-A6EZ-01,TCGA-D7-A6EZ,0.38042412482256754,0.4377151187844212,0.270777547712065,0.31790362369665853,0.15294612898630344,0.08081018304720528,0.5849821500615402,0.32438749391196176,0.8250335937250665,0.022537504779307514,0.10529342740788718,0.44750506653695693,0.2082718386902554,0.15791515339098117,0.10492825302701876
TCGA-D7-A6F0-01,TCGA-D7-A6F0,0.43821385575723315,0.03994657994623195,0.235441602879399,0.44607751720368755,0.42240434819660877,0.4153725338017324,0.3728322748789247,0.5361621636106547,0.7212845300001773,0.38992178567483504,2.6892053093198384e-09,0.03795102705402311,0.4918127138926062,0.42277975651312655,0.06881236659750088
TCGA-D7-A748-01,TCGA-D7-A748,0.32567750858649314,0.3846191145454157,0.15603024732415718,0.29683406842584603,0.4932488715403147,0.05971325937267713,0.5654149697214247,0.6834366415655081,0.16491877185780826,0.16816553270497098,0.31675310468768003,0.3471415491944695,0.14482316436827164,0.16695671585634747,0.38039363101415496
TCGA-EQ-8122-01,TCGA-EQ-8122,0.47291691328462687,0.33935422925478187,0.5055898252699353,0.08035144170581052,0.722473685639282,0.1087571983974167,0.0755317930741795,0.2856614828397867,3.323357547306376e-05,0.43525999047285346,0.00103606316105364,0.12963555448717276,0.5204221096291304,0.15563878778883405,0.16909671510884677
TCGA-EQ-A4SO-01,TCGA-EQ-A4SO,0.3352962989917978,0.3357523496683318,0.2549675111484373,0.3355965871043214,0.5588522165001738,0.1817670385666415,0.41098165072983045,0.29702219277922204,0.23334723884311387,0.2137341722452214,0.2574219430570579,0.5542475126510692,0.18162394932821607,0.14804824910126674,0.16411652350459577
TCGA-F1-6177-01,TCGA-F1-6177,0.18857323978725116,0.6142176068242952,0.32170448323359424,0.27085991636065004,0.16301105446275496,0.14819840243962926,0.2568719152344527,0.005430950591630716,0.23043050622020558,0.6122585906368886,0.3171015815416477,0.35530663927006173,0.20301726856032035,0.3878160820577137,0.42812492932763824
TCGA-F1-6874-01,TCGA-F1-6874,0.18737199343265243,0.6916373648412101,0.43379261286630433,0.26948815695630507,0.12803161410506997,0.17998477782676758,0.25103135671775695,0.3260365919502616,0.22409941685833726,0.14864800301005962,0.3913961391378307,0.3219368386131241,0.200331003467299,0.3543354899295201,0.37898798798050903
TCGA-F1-6875-01,TCGA-F1-6875,0.5706217699404521,0.6117068280430072,0.1834507685041787,5.764461758617388e-07,0.2899185406676647,5.183712202874025e-05,0.48408631493751286,0.3051206623780449,0.17707037876164997,0.322873810108787,0.6748146935449822,0.3982297829316,0.35732833698358557,0.3847918251775454,0.5709847990197893
TCGA-F1-A448-01,TCGA-F1-A448,0.22239116852539303,0.2950116149056014,0.31812821874079933,0.5275709883666663,0.17043042121773194,0.11511751613624477,0.48899951232052696,0.6396597373126937,0.425089098226298,0.1472833707167476,0.4108826746998709,0.6283948983168763,0.19325154374735448,0.09715636092083467,0.3512453938035265
TCGA-F1-A72C-01,TCGA-F1-A72C,0.16053471430758726,0.3670329438962605,0.3979379669478835,0.04484371341361796,0.37158839690828643,0.671244492140807,0.12205846624562448,0.3444528878971417,0.22406060035604045,0.23513882654056686,0.34407355775459697,0.09011397330686872,0.25295384769521573,0.10514789119993637,0.08950462051265985
TCGA-FP-7916-01,TCGA-FP-7916,0.17866077348599707,0.4602339682584588,0.1919721606506018,0.34087331570965856,0.6113622777321384,1.718514561517774e-05,0.25914159255652963,0.30125658295220215,0.4977458828863874,0.04560390972234056,0.3762320648726786,0.40416984118707633,0.13541104272518198,0.20539172661981736,0.07990874498016864
TCGA-FP-7998-01,TCGA-FP-7998,0.21627927315217688,0.7047125407638178,0.5387796321622146,0.2995830836733691,0.10763736880741198,0.00405108776123507,0.26337594775709144,0.32090895698452176,0.5448957832136094,0.1372818419313313,0.1991330470380687,0.45117725703880573,0.20866139310479198,0.35473712678041047,0.08283806679967845
TCGA-HF-7132-01,TCGA-HF-7132,0.15377859769855312,0.3242803530499241,0.24935501234910232,0.5157349246005907,0.20955230969755026,0.03342697240335836,0.5189938826216196,0.6523368811160483,0.15113300418498282,0.1567453949208077,0.44085932865438976,0.587015412480934,0.48095113649223914,0.11874065708056,0.35142666869437994
TCGA-HF-7133-01,TCGA-HF-7133,6.612533223479465e-06,0.24207262036348481,0.7007650874805038,0.19281276971906997,0.5033586478395274,0.6417661583787454,0.5629822230115957,0.062292516760845386,0.23847714412616716,0.13520556666473804,0.43749232887257355,0.014533484710232927,0.16791478252414416,0.09793831543624358,0.1315788196499858
TCGA-HF-7134-01,TCGA-HF-7134,0.2913612700403589,0.385186765468849,0.9065092597987241,0.4392214051185348,0.05543535784069206,0.2650751360091429,0.4425368296893684,0.49286019749139875,0.11749137898883157,0.3319814198890775,0.5615961195617496,0.5819517215315984,0.22004568319710865,0.2502896837209258,0.2514479880045272
TCGA-HF-7136-01,TCGA-HF-7136,0.20171579900982145,7.300437195446417e-11,0.009025937442017467,0.03909604202541144,0.24981074426644567,0.6618656122396553,0.3255333955102351,0.12325078636477912,0.43225031688675103,0.6746242310966694,0.032121458184867537,0.6885635966405188,0.41253952615234923,2.2126193291743727e-20,0.13250025155176162
TCGA-HF-A5NB-01,TCGA-HF-A5NB,0.21282447150224068,0.282441029530593,0.3367760356052368,0.531118090582303,0.14926853954549524,0.09860721781197566,0.5081117357850078,0.6450815258741102,0.14449625959726567,0.17641302972228695,0.4456213093119598,0.6144289696108656,0.21624862282623605,0.12630641542302057,0.3557658217540531
TCGA-HJ-7597-01,TCGA-HJ-7597,0.30105820313453446,0.8225368879283004,0.07382527985863993,0.3077821258293655,0.31562693439663253,0.09496007857665203,0.554313351358714,0.7445207345958074,0.42376202655615514,0.07927875753724975,0.033377549354681776,0.33251761653881223,0.08303578695236345,0.3339035314453496,0.7664360244446328
TCGA-HU-8602-01,TCGA-HU-8602,0.20916669770386753,0.291300351599101,0.3188627465335545,0.28349581794056905,0.27866953858008914,0.10969659815985983,0.27258472610803597,0.6692491192425878,0.21548623287928514,0.29506059246701527,0.36684513152894616,0.33838478770817876,0.24620172309512292,0.15179867555870794,0.39016980563663795
TCGA-HU-8608-01,TCGA-HU-8608,0.22064899232955168,0.4060955422471101,0.3647883716052489,0.3122976613418147,0.2218219639886386,0.39822879736917083,0.2915214939923457,0.3522860786218554,0.17339311012174366,0.10398072787022529,0.2753879875349721,0.47967492942518625,0.26330518497776384,0.10732899205544975,0.11513531723654337
TCGA-HU-8610-01,TCGA-HU-8610,0.27247828433679777,0.17815151392654877,0.16594934440342243,0.5369040119551788,0.09164411438767,0.2798509090035565,0.5132543964445873,0.03244108272170851,0.12776402022280844,0.8063169734732785,0.2634062629580261,0.6370347028663984,0.00396582926602119,0.14242039826998723,0.7839048828825358
TCGA-HU-A4GF-01,TCGA-HU-A4GF,0.3699554681558264,0.6552102799226813,0.3752969240223438,0.20171334974538638,0.7523396214735499,0.19678317918676966,0.5093405524093787,0.4866395122700527,0.42070426791980614,0.18513072295137467,0.3037439352347597,0.00011958685260530251,0.5112905176558642,0.30329768162440635,0.4613140951576915
TCGA-HU-A4GQ-01,TCGA-HU-A4GQ,0.15111498924839792,0.6303756920320125,0.41022738656352203,0.27580098103484557,0.1959365706796098,0.13297410391780148,0.24975995754548783,0.6494539694246159,0.19585670219187423,0.32980226904329923,0.3541753828188619,0.3353797790038611,0.19091043218494508,0.34261158280371345,0.3644432711866579
TCGA-HU-A4GT-01,TCGA-HU-A4GT,0.40811699065280277,0.11649916246018296,0.7307755524280245,0.23602690945322535,0.1794821397416439,0.15279906755590686,0.25377158183196596,0.2454043546121357,0.2477271600332123,0.3702836398998055,0.3858441196329948,0.2949536094674335,0.29026584328960847,0.1521046625124537,0.4018736577059686
TCGA-HU-A4GU-01,TCGA-HU-A4GU,0.5675822631439222,1.4089320419704226e-06,0.05804880427608812,0.0021135390695234363,0.24375249339204813,0.0602765413901487,0.6948141971295286,0.09944984555284146,0.06852593095744317,0.3665139186648173,0.4747015678825527,0.016559327224680512,0.25714927113823827,0.2843464113507376,0.27332723050565105
TCGA-HU-A4GX-01,TCGA-HU-A4GX,0.16935412982930598,0.6704634719892096,0.4805648459433838,0.2663797315054317,0.1426487097704341,0.17507372184392322,0.24778123034615582,0.31201883890761417,0.22444243970790312,0.15274815427859367,0.39379537241170826,0.3266730256595161,0.20935246005148603,0.3537554121166986,0.3832311171736224
TCGA-HU-A4GY-01,TCGA-HU-A4GY,0.4837506856113737,0.19487119127558503,0.4228025496868644,0.23287322654069484,0.11705271631532785,0.23883641868439814,0.2388580527203963,0.649045603662682,0.2184840524149817,0.3512329445906868,0.5378345415157862,0.2667379422885004,0.27188662237461336,0.1392144797971623,0.30118655694071766
TCGA-HU-A4H2-01,TCGA-HU-A4H2,0.11062378604190959,6.013922691641819e-05,0.37548031672045473,0.6259612275780397,0.553670192951667,2.9144059305095913e-05,0.2057937802563658,0.338494024429223,0.3962447566955007,5.549620832551059e-09,0.19161305062856135,0.7558744542045841,0.15731207227596603,0.8717241058620675,1.848894555533617e-16
TCGA-HU-A4H3-01,TCGA-HU-A4H3,0.42572427297205,0.5631043987941119,0.5263242041183679,0.2361339199907089,0.03352101839178481,0.1679270399506129,0.22182904183331445,0.6408619211338271,0.5016034570561395,0.33169299071612,0.3422436753524092,0.3057689264682259,0.20890029965678047,0.3077492490492161,0.3290946200698207
TCGA-HU-A4H4-01,TCGA-HU-A4H4,0.6055708907790637,0.24626089174796553,0.34502982856820896,0.35694436116987777,0.016589742325700336,0.39065179669212885,0.29498927632817973,0.724659065265796,0.49721373461339635,0.3623753386070098,0.0020696698101123783,0.5133739298947017,0.05506467599937971,2.5045697852568452e-21,1.2685966131287235e-06
TCGA-HU-A4H5-01,TCGA-HU-A4H5,0.4141970837459573,0.4108068782866477,0.25904629970867543,0.5109225854383371,0.1600209547010216,0.5642200177573238,0.5286492598373911,0.48250525627643337,0.26873459548614265,0.1998600190270988,0.405494727748969,0.2653001862623978,0.4526508224442173,7.381537963778819e-05,0.22602385066086217
TCGA-HU-A4HD-01,TCGA-HU-A4HD,0.550239172626808,0.00204545036727506,0.00837023875725171,0.21291053901886725,0.5225922203641455,0.7776370809493427,0.6619332617967225,0.062361489273949224,0.44769110071522955,0.4512761558281308,0.1658645827723172,0.03678492302714974,0.4248359917737775,3.872905308821171e-13,0.2959472033847508
TCGA-IN-7806-01,TCGA-IN-7806,0.32304368537345585,0.376268343237619,0.2964800103025362,0.07721383267254962,0.21523492942747033,0.26731279802613145,0.3710504943432294,0.41068120076570497,0.0001412029302484921,0.2288058014246968,0.32077963866706116,0.06038993890574556,0.015331552637963987,0.2195808149005066,0.4011982776316072
TCGA-IN-7808-01,TCGA-IN-7808,8.25342847249237e-18,0.36892054162163723,7.991727172244149e-10,0.3787203386230008,0.3328703962300318,0.2951837112474429,0.899465541262053,0.3789432292356334,0.1805222934956376,0.2495575565412515,0.39259189053375654,0.3279909331038334,0.5590423219131387,0.5264746414813122,0.00384582382390338
TCGA-IN-8462-01,TCGA-IN-8462,0.34762309040196065,0.1449263160669411,0.1157082713710802,0.3794773920051755,0.6182891551377977,0.4044471631538994,0.7186420212066463,0.39089421499790405,0.17186450811696177,0.008920534812000041,0.0515388459929718,0.13901810487843744,2.0543512969575943e-07,0.0003264652798999552,0.37107157362081666
TCGA-IN-8663-01,TCGA-IN-8663,0.2953636511478109,1.294224952042645e-10,1.2457302571494151e-08,0.48649020350302224,2.4235532496313243e-06,0.46834025574174276,0.5212036316622419,6.053360584635337e-45,0.11631406633312978,0.515586335449987,0.30858768754105026,0.7444380833446487,0.3326462338794194,0.5895943087422879,0.19666776641649344
TCGA-IN-A6RI-01,TCGA-IN-A6RI,0.6489988176691295,0.04902126835781117,4.0769222763765095e-07,0.1908317767207769,0.45684186176497327,0.7444576281505022,0.06591914574900153,0.5604825970849652,0.1682559942155189,0.5128940833307944,0.047544536199781925,0.029845854250842734,0.337275276793683,1.3886026254402702e-12,0.09451617968736639
TCGA-IN-A6RL-01,TCGA-IN-A6RL,0.35320804790725957,0.30557876832519343,0.00015801889295992457,0.4018765393943317,0.472543191249715,0.5143114391340899,0.3046703011623734,0.4235363137293337,0.43662859846872487,0.4790950750988289,3.659514434381025e-07,0.15859529175301604,0.43414520674675133,0.5161337914811592,0.013800784493588007
TCGA-IN-A6RN-01,TCGA-IN-A6RN,0.415104066693068,0.0004461705463747557,0.00026927418997844623,0.2653817806916681,0.8275332838202419,0.3513417622923873,0.20069556507879707,0.30891251725096275,0.6662484231213724,3.1964863583042295e-10,0.36118121230684236,0.28273482031519187,0.15954467649265652,0.12308434881016482,0.8090131807061033
TCGA-IN-A6RO-01,TCGA-IN-A6RO,0.2734098806113766,0.68995080668583,0.1466543392012556,0.0008422348667031529,0.25444965658129787,0.7972498916358484,0.5729540076551569,0.13929744189263263,0.5090308756504283,0.6923506930988603,0.5315131191135657,0.04070850699697392,0.11111798861962342,0.2535473897246192,4.223564307313765e-07
TCGA-IN-A6RR-01,TCGA-IN-A6RR,3.1813090997481137e-11,0.3170810695119288,9.30729043389319e-06,0.36449248848243104,0.5812940237460644,0.6997773797036689,0.3133740962754001,0.11620659272357924,0.6356089946763426,0.5763427691421724,0.0016971939966557768,0.19606992906900583,0.2830364129347594,0.1109237071295962,0.19480491608369624
TCGA-IN-A6RS-01,TCGA-IN-A6RS,0.4177231498018841,0.38764267026455373,0.327411534010315,0.3507802231058413,0.8461019362439282,0.1803134134750762,0.5226078335727703,0.8208194474645651,0.07987433430762432,0.07650016198370418,0.029029914063805652,0.2032259590486466,0.11875947127491865,0.11595484954565559,0.3373448182652209
TCGA-IN-A7NR-01,TCGA-IN-A7NR,0.34924520165309875,0.5685866189061112,0.36240453303127806,0.0006218355189986897,0.15680652049819352,0.1177134713024247,0.0005585178235374439,0.060828905802819376,0.29255668863989476,0.7833215497535228,0.2910296811620065,0.04362151401307937,0.2983132401511223,0.42824839994212704,0.4389292238525925
TCGA-IN-A7NT-01,TCGA-IN-A7NT,0.1667514666070754,0.10641073200070734,0.05241601283914008,0.07055222491251215,0.7572532520397293,0.4249215692388312,0.3602374662566673,0.7253622065203141,0.43513151521736493,0.1930725534653097,0.0011876835898994853,0.1899923806127302,0.5574915073782535,0.5335934972504627,0.06354956374566126
TCGA-IN-A7NU-01,TCGA-IN-A7NU,0.715288748815407,0.247890196839225,0.18488519867410577,0.33685015385784395,0.05266200900857666,0.24707339292597166,0.25450326190703093,0.09428240329310068,0.5203189610357473,1.0093506764994195e-08,0.08829113308177389,0.35326398649871144,0.25111114582336275,0.6359645836564967,0.3465790444988792
TCGA-IN-AB1V-01,TCGA-IN-AB1V,0.3462684300712021,0.0825512417331216,6.139072559504322e-05,0.5158472038196513,0.5800436443190208,0.3073346240589192,0.0007015727585883886,0.06317702973809691,0.26604563522343677,0.4872656176668792,0.1194099392238192,0.02038654950253308,0.46473171925663753,3.1032875526993584e-06,0.3892847144618194
TCGA-IN-AB1X-01,TCGA-IN-AB1X,0.13989781540783744,0.2532337583637481,0.5838981689738866,0.2683943582039263,0.017538810748911407,0.09716070436300377,0.2781383267425045,0.32264042861852,0.33806586163330066,0.2406352373050014,0.44632977611074187,0.24769401835638682,0.3078656352898321,0.17805912305229185,0.04757887782811643
TCGA-IP-7968-01,TCGA-IP-7968,0.37779395526503534,0.43866758285455254,0.09413939309600113,0.3634107749374346,0.45888955138032267,0.027841450726106394,0.34202544291618575,0.05706598516046805,0.2561402325338793,0.41179292764943515,0.04410087916216096,0.2160448647354772,0.19194228593616383,0.231702840823029,0.4232129783239186
TCGA-MX-A5UG-01,TCGA-MX-A5UG,0.277793353782254,0.2460132843906368,0.031651099013105734,0.27453286075037076,0.12038635500301076,0.07775472002998772,0.24927477593288003,0.5336758989444488,0.27494777271329235,0.8064403027126434,0.45465788185807143,0.3134577640101205,0.24912767015513054,0.18872573191874925,0.39645235317878025
TCGA-RD-A7BS-01,TCGA-RD-A7BS,6.932494591178875e-08,0.39894350788718047,0.25366923028875626,0.3139688044532128,0.468676308838345,0.0037714895795044273,0.5815322538521621,0.33771164965271194,0.7136545906087157,0.13317582378719528,0.09270606088385537,0.3435918149902614,0.1324470983529158,0.1643985709178687,0.5072636621965634
TCGA-RD-A7BW-01,TCGA-RD-A7BW,0.21366993131627618,0.346714015417892,0.3665710689127744,0.2947833692395432,0.2492806276789232,0.2522671808291195,0.30861992651314674,0.34041957144606194,0.2976858839158126,0.2056394128264669,0.35189991017460054,0.004043140619339463,0.25684530472346634,0.1747429372436497,0.39527454457514577
TCGA-RD-A7C1-01,TCGA-RD-A7C1,0.04115575541555784,0.19105632504508896,0.7361709153381304,0.06765668524914732,0.21079023570078395,0.12831092625343465,0.06664591083501883,0.5988760274806054,0.6202643171853521,0.36035257961949047,0.0010075829867488093,0.13519419986518982,0.3352346452172474,0.1303365120367921,0.1918136820470043
TCGA-RD-A8MV-01,TCGA-RD-A8MV,0.5603558305698563,0.22349982394850812,0.5574249659891147,0.4281847053460302,6.635035746623214e-05,0.4740420745966068,0.439246223886012,4.430176751223893e-12,0.19738824148214473,0.13291844146018222,0.7059829020041338,0.22387290069739427,0.3655668862763964,0.45321064239637265,0.21352789418555648
TCGA-RD-A8MW-01,TCGA-RD-A8MW,0.6525234544429172,7.848292270592975e-07,0.5027355206348081,0.02191813210735069,7.471604257148896e-05,0.19053105540378573,0.05912895538543223,0.09401169486628554,0.34839770097836464,0.6105377174820609,7.606419806951652e-06,0.19574474898201458,0.25000538473687156,0.663233205908207,0.11811138747867256
TCGA-RD-A8N0-01,TCGA-RD-A8N0,0.23573773494377803,0.35118709937439097,0.36488700821411685,0.2812577880821243,0.2247407896942014,0.17592585904856686,0.27225511111647416,0.3399461062033144,0.23149767208662134,0.11245798736584404,0.38533034075830164,0.33636037948786507,0.25730711221323577,0.16297573422162948,0.39402479035305144
TCGA-RD-A8N1-01,TCGA-RD-A8N1,0.19644669968370745,0.03979739991056583,0.9726494328304229,0.6052658771312299,8.723506006714273e-10,0.5672487533015306,0.345355960991744,0.5562728017833457,0.49482234373862244,0.46578655353183346,1.876762023245725e-05,0.18172807930171592,0.09969056221939031,0.3343588265549031,0.1581952336484921
TCGA-RD-A8NB-01,TCGA-RD-A8NB,0.2076614634755493,0.29272384947148467,0.3262079221413074,0.28603724856552704,0.273737799042731,0.1198027342772652,0.27168784417701064,0.670746199076622,0.21190329742081657,0.2886563561470443,0.3604817461793462,0.3431108903814636,0.24301566879693448,0.14910661233332861,0.3837516992664263
TCGA-SW-A7EA-01,TCGA-SW-A7EA,0.2075454359180484,0.29676385790609927,0.30959681556379615,0.28699058456296156,0.26615965753548126,0.13395084537377389,0.2716492365375729,0.6752192140611969,0.21432050092276897,0.29463170663912847,0.35726869918844184,0.3360974197643056,0.2426767694134425,0.147658931922585,0.38039247528208653
TCGA-SW-A7EB-01,TCGA-SW-A7EB,0.40042805360307276,0.0637316649168001,0.6876999232867987,0.01670681220438981,0.0007272670667237305,0.4211408691217156,0.009224165266634362,0.005334884092566318,0.3447960215964304,0.8791005345412066,0.31721109838881884,0.09475920569056694,0.14254871855377985,0.17430929474225706,0.14389628154713122
TCGA-VQ-A8DT-01,TCGA-VQ-A8DT,0.24809582998710752,0.38931696331945964,1.0385107996872283,0.5333762599421138,0.01588180631834592,0.0025110757823195336,0.5395648498475303,0.5751519055318433,0.6116260967399036,0.4307587538692822,0.1718372362582413,0.0029527062584232527,0.15900639575131087,0.642905029433187,0.001480037273316742
TCGA-VQ-A8DU-01,TCGA-VQ-A8DU,0.5500111594704221,0.16177127991790466,0.09259171854112432,0.5835161028480366,0.3785629021008148,0.10152289081671774,0.5434768345516372,0.2040250539018307,0.35279153325269597,0.00014123144906125895,0.021857255416580536,0.6335814109434174,0.8370482660095278,2.5564141072091006e-09,0.09373770453221662
TCGA-VQ-A8E0-01,TCGA-VQ-A8E0,0.1655939588511179,0.0094201834523119,0.22527310949870213,0.034740278720121434,0.9218923329919976,0.3939920375652959,0.16894598119380982,3.2199715201668156e-07,0.46123930210288083,0.3607603681852449,0.05384055041771344,0.2317329723921036,0.4225564241459829,0.7843672461087323,0.0005099500491562401
TCGA-VQ-A8E2-01,TCGA-VQ-A8E2,0.13374270348988182,0.6545558322436776,0.5005608593842156,0.016476793642151738,0.2859040137206599,0.1536144234796407,0.23125204335518482,0.0001748279498565636,0.6241424402026249,0.41571712003832234,0.2670438118936697,0.08692596454855776,0.3642890825838192,0.35799737763049655,0.06313760044687503
TCGA-VQ-A8E3-01,TCGA-VQ-A8E3,0.3949695224733339,0.49937303176355574,0.35993731239785526,0.2770936509689476,0.04047192496745384,0.5948398797542179,0.2845184408125313,0.36981168224659955,0.4841019023587018,0.15949578103991202,0.13945703080596536,0.24615814881170867,0.5138896223990111,0.37964556713944875,0.08674798363133614
TCGA-VQ-A8E7-01,TCGA-VQ-A8E7,0.7476022045799158,0.7093499510170203,0.17995193329845294,0.12850023773731303,0.4960732544104697,0.23386473639603506,0.6695825912778962,0.03008608177918605,0.19311293101196264,0.6915596743312223,0.024463573292338836,0.07580801616867479,0.05540721333206739,0.3909711263634906,0.2437137779345994
TCGA-VQ-A8P2-01,TCGA-VQ-A8P2,0.2050850048096139,0.2954237649355203,0.32740081783373676,0.28645686869332565,0.27515883008372494,0.1207095760214684,0.2713548426233518,0.6706886202597212,0.21062790182169322,0.2877018298009031,0.35862604778637963,0.34451333528331424,0.24219095646679353,0.14736626753946416,0.38345264180765926
TCGA-VQ-A8P3-01,TCGA-VQ-A8P3,0.33836707752083556,0.34337534781915685,0.18399283927906634,0.229882619008,0.10942135704433513,0.35499448273289097,0.0909166316828295,0.3192661899480071,0.2478863091489221,3.3973279777692683e-06,0.9566307530819336,0.1951404452266101,0.21367262784071786,0.16999202677974112,0.24458942434769343
TCGA-VQ-A8P5-01,TCGA-VQ-A8P5,0.1119393983387391,0.00027313010663292656,2.2562016244616846e-05,0.16495134899852745,1.1001541695043597,0.39518803742023595,0.3396446175697197,1.0575058864329577e-06,0.4232685402703197,0.6229003891328972,1.6362275812119995e-06,0.23240282907845855,4.800906599760361e-19,0.6327552841059416,6.093426650144521e-12
TCGA-VQ-A8PC-01,TCGA-VQ-A8PC,0.3248797068942956,0.49314041853215906,2.0648973274034904e-07,0.5819144495273773,0.39888737003220875,0.2652196872611531,0.5028170977852626,0.0002970679098389209,0.1059822666903988,0.12718479539690397,0.5150491967203852,0.3690183310871883,0.11808712277562865,0.18271697877209006,0.31400025590038994
TCGA-VQ-A8PD-01,TCGA-VQ-A8PD,0.22845008660226845,0.2701416006599681,0.3899906633465301,0.2969370337937966,0.2872335543089381,0.0012240852062976053,0.2700654255738679,0.6452661216561066,0.2852045475233793,0.33316356908355377,0.423108120604577,0.3728809972339206,0.2283101619414572,0.17098478731328967,0.06861129943465041
TCGA-VQ-A8PE-01,TCGA-VQ-A8PE,0.2727894533829467,0.013542218554589648,1.0144483754302778,0.1759384062350799,0.37191450632919315,0.7853188444892881,0.14137781330293017,0.12036420453311393,1.106474800169178e-18,0.7114954138614488,0.12992742753751288,0.04911981759325084,0.12081560205042319,0.07890716984155251,0.08034153696490692
TCGA-VQ-A8PF-01,TCGA-VQ-A8PF,0.1993631322739613,0.6598102330088774,0.5268526897745943,0.277862701648557,0.13255808999940658,0.04215753241762437,0.2527534233958059,0.2978838556764808,0.26781291599566565,0.19763119552299244,0.4691366183094603,0.34621423462980566,0.19193872410049645,0.38152635858986916,0.037651611703599715
TCGA-VQ-A8PH-01,TCGA-VQ-A8PH,0.2481851414214962,0.44789560433323294,0.0021052632724930637,4.8249254883434e-12,0.4903290774424863,0.2249863614487336,0.029147709701806638,0.05993975215264283,0.28552726906036996,0.6713723386841972,0.38423925498301315,0.03149569768137867,0.4425297549285814,0.2807280997442602,0.39267588571948026
TCGA-VQ-A8PJ-01,TCGA-VQ-A8PJ,0.6732739542249397,0.00012741454337078065,0.01004700956724732,0.4148263444653567,0.5079010997260073,0.5402753541594483,7.616745056945518e-11,0.72564478381522,0.4137854714641109,0.350056090863406,0.005576556092306739,0.003990334493350639,0.002470173277431689,0.5716062352932124,0.6394232181570629
TCGA-VQ-A8PK-01,TCGA-VQ-A8PK,0.5309645936903064,0.06005402897793446,0.13615448516466128,0.5995649383262924,0.4815526225210032,0.5090020047734944,6.131663916289179e-14,0.0010198243534328393,0.2110245076318219,0.37709115687702494,0.31535491624921963,0.014306452174158218,0.5165710671091036,0.6501480659481806,0.008928328968910904
TCGA-VQ-A8PM-01,TCGA-VQ-A8PM,0.22231220608220062,0.5294418519961052,0.026155589359685465,0.36168146249961575,0.4850113879374069,0.270118562828403,0.16220889846005357,0.028595214235752214,0.22857936634163506,4.504053100973071e-07,0.2362420843010203,1.5259082559012484e-05,0.18059700366595308,0.5300210493083123,0.7794545876112458
TCGA-VQ-A8PO-01,TCGA-VQ-A8PO,0.15708117022341417,0.3290440852761553,0.24383514624523167,0.28298484981057476,0.3009812084823083,0.2726534154930449,0.2767277187525112,0.6757243171219856,0.16177667144480049,0.23732369437883372,0.2549057651950558,0.31682421552144174,0.25110763249206125,0.1169238652742464,0.7237270652924243
TCGA-VQ-A8PP-01,TCGA-VQ-A8PP,0.49057936151195497,0.23215868234025508,0.43105335237975817,0.49790879779600317,0.02648708925087323,0.15448125364624335,0.16593869139942272,0.6352983951879027,0.4401201827063959,0.24131710666508402,0.40428233432445393,0.5992627917541984,0.279081626856107,0.09008802505930845,0.3298235674197363
TCGA-VQ-A8PQ-01,TCGA-VQ-A8PQ,0.2358487019557648,0.34961501332817146,0.3699993733503984,0.2811575999573241,0.22220808998786984,0.17908553485290724,0.2719496286737246,0.3391281703383427,0.2318795051222169,0.11465441686393024,0.3869636996677217,0.33511156566921574,0.25838005929393454,0.1620432352105696,0.39322542844241815
TCGA-VQ-A8PU-01,TCGA-VQ-A8PU,0.0203880280214881,0.4375972348427409,0.724662114831872,0.12639511281251475,0.7252071733033536,0.5508994272946189,0.6368435939945698,0.23055746929287743,0.40347470749034214,0.5470997382634242,0.2727494895442957,0.16634305857805512,0.00038031958632208084,4.9470779068564775e-08,0.003568211573682729
TCGA-VQ-A8PX-01,TCGA-VQ-A8PX,0.07099376789830669,0.19063526312604062,0.4967177479582128,0.29904660278259937,0.11047674086285533,0.22886971122934022,0.29439650129805706,0.6560634178967546,0.6058152176296286,0.4228724368174229,0.2954962836759804,1.5185412651368624e-07,0.25879814591915795,0.13721547197653883,0.36737901436946374
TCGA-VQ-A91D-01,TCGA-VQ-A91D,0.19559506341317226,0.5426932967699772,0.41498093745169007,0.26962196094997326,0.19183557215035887,0.18105086317822386,0.2461371879646439,0.3309327988084996,0.21235249095083472,0.09678285590035046,0.38729980564968297,0.32627278807577587,0.21214804311845653,0.39101163850871623,0.4026417113810592
TCGA-VQ-A91K-01,TCGA-VQ-A91K,0.054300933550103285,0.2714177973184746,0.8112023403809056,0.3221617147611822,0.4879274650719077,0.3479348472041868,0.3038227675449679,0.4230210101733217,0.14595564946259024,0.0009303552686507989,0.16411253725067562,0.4144868799534501,0.2540101222901326,0.0657126080258185,0.17577647480452996
TCGA-VQ-A91N-01,TCGA-VQ-A91N,0.015742804783017865,1.0328820249052691e-07,0.30677454163970025,0.7688259548298657,0.0874596251282797,0.39114256055743885,0.38540214223582364,0.43332670542218366,0.24246067700958335,0.30039275922988595,0.24797734818664266,1.0422114922949147e-05,0.4645381588702193,0.20947326295915,0.8226511573181032
TCGA-VQ-A91S-01,TCGA-VQ-A91S,0.6317987993079509,0.5659457355671338,0.07610144803834143,0.5121348661098729,0.1051574767312232,0.11964102035473369,0.442448189119776,0.3812985931813253,0.3487133105466954,0.6154640038388598,0.33807289815779046,0.7889186751466858,0.16769911795996945,0.3200101779155311,0.26647814192696295
TCGA-VQ-A91U-01,TCGA-VQ-A91U,0.4363551087844359,0.46909968412741176,0.5649230718127234,0.5729471541902061,1.364643104744336e-07,0.43708167195406866,0.5918637472830268,1.5609994363872938e-05,0.22598253800288043,0.9197713042662702,2.987451782576458e-06,0.07406236788741533,0.1716413130706765,0.315040382724608,0.37710698966041195
TCGA-VQ-A91V-01,TCGA-VQ-A91V,0.5449187717714541,0.6991339356816872,0.3397703639770922,5.188781081621684e-06,0.31191909744868773,0.08391721321005151,0.6086937438422413,0.6918351437914427,0.19933966172393472,0.23792927269163264,0.27239584635605235,0.3278853069166064,0.23431166807117254,0.34519861387618606,0.01295189049870403
TCGA-VQ-A91W-01,TCGA-VQ-A91W,0.150040015435943,0.622976757431172,0.42079272956543246,0.2713558634876285,0.18891690463336233,0.12274377815301893,0.2500356006626284,0.6492639997619497,0.20183645472219347,0.32522365041416734,0.3656777647684877,0.33506544378194486,0.1899329595983645,0.3385190523723966,0.3682371653039902
TCGA-VQ-A91X-01,TCGA-VQ-A91X,0.30864584888029895,0.8340397305339942,0.10586290612642024,0.4537800888100125,0.45120000071019944,0.033240541390984424,0.672820795632094,0.3659730965001557,5.306402281506723e-10,0.3440440168175034,0.04878805164777392,0.010914131378683687,0.38312071644145396,0.39120226443940675,0.10740305992430069
TCGA-VQ-A91Y-01,TCGA-VQ-A91Y,0.13582995218018942,0.7180439176506825,0.2814287121196885,0.08854492078756604,0.055627788535818685,0.37787347648030767,0.07202861843637708,0.4455192724703891,0.5869598024250441,0.255230436833787,0.00010173848693544709,0.15313045675547915,0.43331284912006257,0.0026879318934634883,0.13874661696702997
TCGA-VQ-A91Z-01,TCGA-VQ-A91Z,0.9043039042157192,0.4045182715013366,0.008143181119238034,0.5835899885732365,7.696893886724032e-06,0.11537256955774203,0.6107580488154171,0.0946200611001041,0.8919868247494335,0.453956503730087,0.01420151122024832,0.002513057750555001,0.4297482946614475,0.18651543809792623,3.6792252425921355e-05
TCGA-VQ-A923-01,TCGA-VQ-A923,0.31222992038297137,0.8353671668441928,0.22174538764159538,0.3337826177636731,0.3644226674474566,0.28079809389740606,0.2550881939834032,0.3405830866650164,0.4445602683291938,0.07308823931631366,0.238056560538635,0.39118413111635886,0.1268966417867974,0.3199991842847812,0.09630451645525223
TCGA-VQ-A925-01,TCGA-VQ-A925,3.7154645241146195e-05,0.8026850115564794,7.22500834827876e-05,0.28500270120688337,0.7870938445412338,0.0684937836833222,0.25494339411740785,0.11585207880388453,0.48922191286571515,0.5133010974559167,0.4540402469023528,0.3802502471966111,0.28836445006958206,0.36504722062406497,1.700783914833427e-17
TCGA-VQ-A928-01,TCGA-VQ-A928,0.3412224458260723,8.790779002811459e-08,0.010600471767202604,0.41931381580277033,0.40534910934446555,0.1320389547202769,0.5913467505465345,0.7160246383438877,0.4675547740179861,0.11441959987908988,0.3873734298573778,0.31037447535265905,0.19509555167986317,1.470918027591677e-07,0.33441523348650665
TCGA-VQ-A92D-01,TCGA-VQ-A92D,0.5401349468155149,0.5529422658154534,0.003469344578195428,0.202130668193685,0.7314429138308048,0.5531493969528394,0.6413848657377094,0.579359341557931,0.0002941793511828995,0.027495657488339126,0.0332431683922643,0.5354192438100623,0.1466629659780545,0.4747901654447495,0.01956900069091485
TCGA-VQ-A94O-01,TCGA-VQ-A94O,0.5741836452058527,0.675420452090826,0.34635444138860516,0.04899105396119619,0.37729513434021256,0.1873794930488751,0.02282785784798706,0.7013470226051831,9.289416517632259e-07,0.4129431445684766,0.16619580762477307,0.12723926441370403,0.11950142616297112,0.3681682861269628,0.3168513322610633
TCGA-VQ-A94P-01,TCGA-VQ-A94P,0.21718681043945207,0.3754285509438286,0.35037014646874703,0.2919061460257976,0.22521214786389115,0.3048356118960379,0.2826882604280498,0.3497623317554738,0.20184301926605222,0.10220947768781712,0.3189612879613347,0.3521699514622855,0.2588452396823081,0.13420977840577453,0.40548290942386805
TCGA-VQ-A94R-01,TCGA-VQ-A94R,0.4628505927919166,0.2221334162141728,1.0224263520300945,0.10565169859621838,0.5490191475087681,0.27693402113787524,0.04353044581847335,0.14455377600265013,5.541620945673224e-07,0.10716782341360306,1.3935776341320394e-07,0.19817948015522613,0.05703501139466625,0.4613569489466877,0.11101668760306144
TCGA-VQ-A94U-01,TCGA-VQ-A94U,0.2768452096809741,0.014244809902134857,0.08403506289493326,0.10561469051176951,0.32484296782148714,0.278544170116758,0.10241627122328081,0.7854854120788418,2.1620284728185073e-05,0.4491078222786327,0.24162572713582572,0.11156737332715612,0.3755098574545068,0.0805573515789649,0.1048179326919518
TCGA-VQ-AA64-01,TCGA-VQ-AA64,0.3273706375898451,0.03642888498659449,0.24731456818996286,0.3196643989497878,0.3319229453916782,0.41236375002106784,0.004397677615212881,0.006166870442836223,0.550608575455488,0.48152370945180534,0.21063096712852536,0.10400868459344734,0.4341437121005555,0.5467621843976174,0.17722039571214177
TCGA-VQ-AA69-01,TCGA-VQ-AA69,0.239089146611753,0.3568204829600208,0.35364381627384206,0.2834105107077722,0.22141931705796286,0.1753951738963905,0.2746423341366525,0.3436434058486987,0.23401568142851975,0.11309194077065114,0.3791265562246199,0.32539672905712763,0.2576542185281546,0.16307401359640825,0.3946548930100786
TCGA-VQ-AA6A-01,TCGA-VQ-AA6A,3.499244604167569e-11,0.7695834010699864,0.0006950826458068884,0.06305027928237847,0.008928947562917294,0.7389102454485454,0.016114634102295876,0.5727158627902348,0.5276974860624372,0.3669321504781371,0.03591629833478774,0.14249249059163463,0.5225715406902784,0.5068060946474564,0.07993192145138564
TCGA-VQ-AA6B-01,TCGA-VQ-AA6B,0.6778755294653045,0.6983178572098733,0.24767230415508765,0.31307308002842044,0.4804424146286155,2.6504782376131485e-06,0.27618038011036644,1.2320553580942679e-06,3.4155521969570454e-06,0.5868700819298327,0.21560161289258878,0.3984647112975895,0.15191363709131792,0.42733568195934424,0.04907425743479107
TCGA-VQ-AA6D-01,TCGA-VQ-AA6D,0.5734299750541048,0.17736690439819944,0.7293646769014986,0.21929656648208162,0.5505904771876343,0.2444359089325678,0.3827828155830495,0.2010682393328613,0.04950354477963714,0.3328758117571576,0.262173747879531,0.6810830515844479,0.1775663285269975,0.08828459560083968,0.22377056871535325
TCGA-VQ-AA6F-01,TCGA-VQ-AA6F,0.15170703038999386,0.006280382541285544,1.2575778173718442e-06,0.8447697182625634,0.5330137501659576,0.20757748517018113,0.47346355024114345,2.8568054874627606e-15,0.516779374792979,2.4201099182773693e-05,0.4838077970028408,0.00014110531236072424,0.33758128954138517,0.7821513176753092,0.3482738398193381
TCGA-VQ-AA6G-01,TCGA-VQ-AA6G,0.7615390815019563,0.0005293827987802692,0.44174358639433936,0.26295147390496837,0.2621884371348846,0.43166285739827537,0.27257671708628545,0.34392199788068833,0.10883750269537702,0.08123978775470192,0.17168244265742477,0.5577257432317712,0.3526905069255515,0.20985374083058675,0.11803967922174395
TCGA-VQ-AA6I-01,TCGA-VQ-AA6I,4.2166055133152676e-09,1.4005485973281889e-05,0.2964017801440862,0.3296975691210533,0.6819678328236071,0.11796434249901529,0.32670512011011926,0.29009400680862324,0.12832804171495768,0.18629840879809328,0.00012342148249662135,0.4531814030806289,0.40649928410100566,0.5422165848391828,0.4635414729188397
TCGA-VQ-AA6K-01,TCGA-VQ-AA6K,0.48066699595753354,0.09762819461088376,0.6451075235481725,0.16714064754086327,0.09649385680223933,0.12729899988974175,0.6011313225135193,1.5588323865367715e-06,0.642659131320157,0.6799232765850467,0.36841265669332207,0.1102379211282419,0.0812647810493621,0.2218358020250477,0.043455889267706
TCGA-ZA-A8F6-01,TCGA-ZA-A8F6,0.16230268758035074,0.6397092167732449,0.3792812802897207,0.2779173670435616,0.1758573331659204,0.12387866971860248,0.25328425493530643,0.66006496336206,0.2108567788849794,0.3291422090081471,0.3697885960370461,0.3008356718741148,0.1801532590250124,0.3424971012415802,0.36818761044038467
